# Cells of the gb.cautious survey's calendars left out as faulty, each with its reason: dates and
# columns only (F Fajr, which is also the end of eating; S sunrise; D Dhuhr; A Asr; M Maghrib; I Isha).
# The automatic ones were found on the printed tables alone (research-uk, autofault.py): a whole row
# 45-75 min off its own neighbours, or a Dhuhr, sunrise or Maghrib cell 20+ min off them.
calendar	from	to	columns	reason
17345	2026-10-26	2026-10-26	F	one Fajr cell off both its neighbours (an hour at a change of clocks, or a typo; checked by hand)
31937	2026-05-19	2026-05-19	S	a single row or cell away from its own neighbours by 20 min or more (an hour off at a change of clocks, a typo)
31937	2026-05-26	2026-05-26	S	a single row or cell away from its own neighbours by 20 min or more (an hour off at a change of clocks, a typo)
al-falah-community-support-centre-birmingham-b12-9qu-united-kingdom	2026-06-01	2026-07-31	I	Isha a placeholder, one clock time all June and another all July, where its 15° does not occur
al-falah-community-support-centre-birmingham-b12-9qu-united-kingdom	2026-12-25	2026-12-27	M	a single row or cell away from its own neighbours by 20 min or more (an hour off at a change of clocks, a typo)
al-falah-community-support-centre-birmingham-b12-9qu-united-kingdom	2026-12-30	2026-12-30	M	a single row or cell away from its own neighbours by 20 min or more (an hour off at a change of clocks, a typo)
al-furqan-mosque-19-carrington-street-glasgow-g4-9aj-united-kingdom	2026-10-25	2026-10-31	F S D A M I	an hour early after the change of clocks
al-furqan-mosque-19-carrington-street-glasgow-g4-9aj-united-kingdom	2026-10-29	2026-10-31	F S D A M I	a single row or cell away from its own neighbours by 20 min or more (an hour off at a change of clocks, a typo)
al-sunnah-mosque-manchester-manchester-m8-9pb-united-kingdom	2026-02-28	2026-03-01	S D M	a single row or cell away from its own neighbours by 20 min or more (an hour off at a change of clocks, a typo)
al-sunnah-mosque-manchester-manchester-m8-9pb-united-kingdom	2026-03-01	2026-03-31	F S D A M I	an hour early all March (Dhuhr 55 min before the meridian)
al-sunnah-mosque-manchester-manchester-m8-9pb-united-kingdom	2026-03-28	2026-03-28	F S D A M I	a single row or cell away from its own neighbours by 20 min or more (an hour off at a change of clocks, a typo)
al-sunnah-mosque-manchester-manchester-m8-9pb-united-kingdom	2026-03-29	2026-03-29	S D M	a single row or cell away from its own neighbours by 20 min or more (an hour off at a change of clocks, a typo)
al-sunnah-mosque-manchester-manchester-m8-9pb-united-kingdom	2026-03-30	2026-03-30	F S D A M I	a single row or cell away from its own neighbours by 20 min or more (an hour off at a change of clocks, a typo)
al-sunnah-mosque-manchester-manchester-m8-9pb-united-kingdom	2026-10-25	2026-10-25	F S D A M I	a single row or cell away from its own neighbours by 20 min or more (an hour off at a change of clocks, a typo)
amanah-masjid-birmingham-b11-1jb-united-kingdom	2026-07-12	2026-07-12	S	a single row or cell away from its own neighbours by 20 min or more (an hour off at a change of clocks, a typo)
bishopbriggs-islamic-community-centre-bishopbriggs-g64-1ng-united-kingdom	2026-05-29	2026-05-29	I	one Isha cell off both its neighbours (an hour, or a typo; checked by hand)
brayatee-mosque-birmingham-b18-7pw-united-kingdom	2026-10-23	2026-10-24	M	a single row or cell away from its own neighbours by 20 min or more (an hour off at a change of clocks, a typo)
brayatee-mosque-birmingham-b18-7pw-united-kingdom	2026-10-30	2026-10-31	S	a single row or cell away from its own neighbours by 20 min or more (an hour off at a change of clocks, a typo)
community-masjid-glasgow-g21-3ba-united-kingdom	2026-10-24	2026-11-01	F S D A M I	an hour early after the change of clocks
community-masjid-glasgow-g21-3ba-united-kingdom	2026-10-24	2026-10-25	S D M	a single row or cell away from its own neighbours by 20 min or more (an hour off at a change of clocks, a typo)
community-masjid-glasgow-g21-3ba-united-kingdom	2026-10-31	2026-11-01	S D M	a single row or cell away from its own neighbours by 20 min or more (an hour off at a change of clocks, a typo)
dawatul-islam-glasgow-glasgow-g12-8ll-united-kingdom	2026-05-19	2026-05-19	S	a single row or cell away from its own neighbours by 20 min or more (an hour off at a change of clocks, a typo)
dawatul-islam-glasgow-glasgow-g12-8ll-united-kingdom	2026-05-26	2026-05-26	S	a single row or cell away from its own neighbours by 20 min or more (an hour off at a change of clocks, a typo)
faizan-e-madina-bradford-bd3-9le-united-kingdom	2026-10-25	2026-10-31	I	Isha an hour early after the change of clocks
faizan-e-madina-halifax-hx1-4jx-united-kingdom	2026-03-30	2026-03-31	S	a single row or cell away from its own neighbours by 20 min or more (an hour off at a change of clocks, a typo)
faizan-e-madina-stechford	2026-02-28	2026-03-01	D M	a single row or cell away from its own neighbours by 20 min or more (an hour off at a change of clocks, a typo)
faizan-e-madina-stechford	2026-03-01	2026-07-31	F S D A M I	rows of another kind in these months (Dhuhr 48 min after the meridian, sunrise 30-60 min late)
faizan-e-madina-stechford	2026-07-31	2026-08-01	S D	a single row or cell away from its own neighbours by 20 min or more (an hour off at a change of clocks, a typo)
faizan-e-madina-stechford	2026-08-26	2026-08-26	I	one Isha cell off both its neighbours (an hour, or a typo; checked by hand)
faizan-e-madina-stechford	2026-09-24	2026-09-24	A	one Asr cell off both its neighbours (a typo; checked by hand)
faizan-e-madina-stechford	2026-10-31	2026-10-31	D M	a single row or cell away from its own neighbours by 20 min or more (an hour off at a change of clocks, a typo)
faizan-e-madina-stechford	2026-11-01	2026-12-31	F S D A M I	rows of another kind in these months (Dhuhr 48 min after the meridian, sunrise 30-60 min late)
faizan-e-madina-stechford	2026-11-01	2026-11-01	S D M	a single row or cell away from its own neighbours by 20 min or more (an hour off at a change of clocks, a typo)
glasgow-university-muslim-student-assoc-glasgow-g12-8lg-united-kingdom	2026-05-19	2026-05-19	S	a single row or cell away from its own neighbours by 20 min or more (an hour off at a change of clocks, a typo)
glasgow-university-muslim-student-assoc-glasgow-g12-8lg-united-kingdom	2026-05-26	2026-05-26	S	a single row or cell away from its own neighbours by 20 min or more (an hour off at a change of clocks, a typo)
glasgow-university-muslim-student-assoc-glasgow-g12-8lg-united-kingdom	2026-08-31	2026-09-01	D	a single row or cell away from its own neighbours by 20 min or more (an hour off at a change of clocks, a typo)
glasgow-university-muslim-student-assoc-glasgow-g12-8lg-united-kingdom	2026-09-01	2026-09-30	D	Dhuhr printed on a 12-hour clock
glasgow-university-muslim-student-assoc-glasgow-g12-8lg-united-kingdom	2026-09-20	2026-09-21	D	a single row or cell away from its own neighbours by 20 min or more (an hour off at a change of clocks, a typo)
hazrat-mujaddid-alf-e-sani-trust-masjid-birmingham-b12-8bg-united-kingdom	2026-03-30	2026-03-30	D	a single row or cell away from its own neighbours by 20 min or more (an hour off at a change of clocks, a typo)
hazrat-mujaddid-alf-e-sani-trust-masjid-birmingham-b12-8bg-united-kingdom	2026-04-04	2026-04-04	M	a single row or cell away from its own neighbours by 20 min or more (an hour off at a change of clocks, a typo)
hazrat-mujaddid-alf-e-sani-trust-masjid-birmingham-b12-8bg-united-kingdom	2026-06-02	2026-06-02	A	one Asr cell off both its neighbours (a typo; checked by hand)
hazrat-mujaddid-alf-e-sani-trust-masjid-birmingham-b12-8bg-united-kingdom	2026-10-02	2026-10-02	S	one sunrise cell off both its neighbours (a typo; checked by hand)
hazrat-mujaddid-alf-e-sani-trust-masjid-birmingham-b12-8bg-united-kingdom	2026-10-31	2026-11-01	S	a single row or cell away from its own neighbours by 20 min or more (an hour off at a change of clocks, a typo)
hazrat-mujaddid-alf-e-sani-trust-masjid-birmingham-b12-8bg-united-kingdom	2026-11-01	2026-11-30	S	sunrise an hour early all November
hazrat-mujaddid-alf-e-sani-trust-masjid-birmingham-b12-8bg-united-kingdom	2026-11-06	2026-11-06	A	one Asr cell off both its neighbours (a typo; checked by hand)
hazrat-mujaddid-alf-e-sani-trust-masjid-birmingham-b12-8bg-united-kingdom	2026-11-30	2026-12-01	S	a single row or cell away from its own neighbours by 20 min or more (an hour off at a change of clocks, a typo)
huda-birmingham	2026-07-16	2026-07-16	S	a single row or cell away from its own neighbours by 20 min or more (an hour off at a change of clocks, a typo)
huda-birmingham	2026-09-09	2026-09-09	I	one Isha cell off both its neighbours (an hour, or a typo; checked by hand)
huda-birmingham	2026-10-30	2026-10-30	S	a single row or cell away from its own neighbours by 20 min or more (an hour off at a change of clocks, a typo)
madina-masjid-levenshulme-manchester-m19-3dj-united-kingdom	2026-09-29	2026-09-29	F	one Fajr cell off both its neighbours (an hour at a change of clocks, or a typo; checked by hand)
madina-masjid-levenshulme-manchester-m19-3dj-united-kingdom	2026-09-30	2026-09-30	F	one Fajr cell off both its neighbours (an hour at a change of clocks, or a typo; checked by hand)
mahmudsabir-al-furqan-masjid-birmingham-b11-3bz-united-kingdom	2026-05-16	2026-05-16	M	a single row or cell away from its own neighbours by 20 min or more (an hour off at a change of clocks, a typo)
marwa-masjid-birmingham-b12-9lb-united-kingdom	2026-10-25	2026-11-01	F S D A M I	an hour early after the change of clocks
marwa-masjid-birmingham-b12-9lb-united-kingdom	2026-10-25	2026-11-01	S D M	a single row or cell away from its own neighbours by 20 min or more (an hour off at a change of clocks, a typo)
masjid-aisha-leicester-le5-5an-united-kingdom	2026-03-29	2026-05-01	F S D A M I	rows broken (an hour off, then Dhuhr 8 h off, sunrise and Maghrib out by 40-90 min)
masjid-aisha-leicester-le5-5an-united-kingdom	2026-03-29	2026-03-31	F S D A M I	a single row or cell away from its own neighbours by 20 min or more (an hour off at a change of clocks, a typo)
masjid-aisha-leicester-le5-5an-united-kingdom	2026-04-01	2026-04-02	S D M	a single row or cell away from its own neighbours by 20 min or more (an hour off at a change of clocks, a typo)
masjid-aisha-leicester-le5-5an-united-kingdom	2026-04-03	2026-04-03	M	a single row or cell away from its own neighbours by 20 min or more (an hour off at a change of clocks, a typo)
masjid-aisha-leicester-le5-5an-united-kingdom	2026-04-21	2026-04-22	S D M	a single row or cell away from its own neighbours by 20 min or more (an hour off at a change of clocks, a typo)
masjid-aisha-leicester-le5-5an-united-kingdom	2026-04-23	2026-04-28	S	a single row or cell away from its own neighbours by 20 min or more (an hour off at a change of clocks, a typo)
masjid-aisha-leicester-le5-5an-united-kingdom	2026-04-29	2026-04-30	S M	a single row or cell away from its own neighbours by 20 min or more (an hour off at a change of clocks, a typo)
masjid-aisha-leicester-le5-5an-united-kingdom	2026-05-01	2026-05-01	M	a single row or cell away from its own neighbours by 20 min or more (an hour off at a change of clocks, a typo)
masjid-aisha-leicester-le5-5an-united-kingdom	2026-05-02	2026-05-31	F S D A M I	rows broken (Fajr at one clock time, sunrise 45 min early drifting to 29 min late, Maghrib 61 min late drifting to 10 min early)
masjid-aisha-leicester-le5-5an-united-kingdom	2026-05-31	2026-05-31	S	a single row or cell away from its own neighbours by 20 min or more (an hour off at a change of clocks, a typo)
masjid-aisha-leicester-le5-5an-united-kingdom	2026-09-29	2026-10-01	F S D A M I	an hour off at the month edge
masjid-aisha-leicester-le5-5an-united-kingdom	2026-09-30	2026-10-01	S D M	a single row or cell away from its own neighbours by 20 min or more (an hour off at a change of clocks, a typo)
masjid-aisha-leicester-le5-5an-united-kingdom	2026-10-01	2026-10-31	F S D A M I	an hour late all October
masjid-aisha-leicester-le5-5an-united-kingdom	2026-10-24	2026-10-25	S D M	a single row or cell away from its own neighbours by 20 min or more (an hour off at a change of clocks, a typo)
masjid-ar-rashideen-batley-wf17-8lt-united-kingdom	2026-03-28	2026-03-31	F S D A M I	an hour off at the change of clocks
masjid-ar-rashideen-batley-wf17-8lt-united-kingdom	2026-03-28	2026-03-29	S D M	a single row or cell away from its own neighbours by 20 min or more (an hour off at a change of clocks, a typo)
masjid-ar-rashideen-batley-wf17-8lt-united-kingdom	2026-04-01	2026-10-31	F S D A M I	an hour late all summer (summer time added twice)
masjid-ar-rashideen-batley-wf17-8lt-united-kingdom	2026-10-24	2026-10-25	S D M	a single row or cell away from its own neighbours by 20 min or more (an hour off at a change of clocks, a typo)
masjid-e-hidayah-manchester-m16-9dd-united-kingdom	2026-07-31	2026-08-01	S D M	a single row or cell away from its own neighbours by 20 min or more (an hour off at a change of clocks, a typo)
masjid-e-hidayah-manchester-m16-9dd-united-kingdom	2026-08-01	2026-09-30	F S D A M I	rows broken (Dhuhr 13 h off)
masjid-e-hidayah-manchester-m16-9dd-united-kingdom	2026-09-30	2026-10-01	S D M	a single row or cell away from its own neighbours by 20 min or more (an hour off at a change of clocks, a typo)
masjid-e-hidayah-manchester-m16-9dd-united-kingdom	2026-10-25	2026-10-25	F S D A M I	a single row or cell away from its own neighbours by 20 min or more (an hour off at a change of clocks, a typo)
masjid-e-iqbal-manchester-m71sn-united-kingdom	2026-06-01	2026-06-30	A	the June Asr column is one clock time every day
masjid-imdadia-manchester-m16-9lj-united-kingdom	2026-03-28	2026-03-31	F S D A M I	an hour off at the change of clocks
masjid-imdadia-manchester-m16-9lj-united-kingdom	2026-03-28	2026-03-29	S D M	a single row or cell away from its own neighbours by 20 min or more (an hour off at a change of clocks, a typo)
masjid-imdadia-manchester-m16-9lj-united-kingdom	2026-04-01	2026-07-31	F S D A M I	an hour late April to July (summer time added twice)
masjid-imdadia-manchester-m16-9lj-united-kingdom	2026-07-31	2026-08-01	S D M	a single row or cell away from its own neighbours by 20 min or more (an hour off at a change of clocks, a typo)
masjid-imdadia-manchester-m16-9lj-united-kingdom	2026-09-30	2026-10-01	M	a single row or cell away from its own neighbours by 20 min or more (an hour off at a change of clocks, a typo)
masjid-imdadia-manchester-m16-9lj-united-kingdom	2026-10-01	2026-12-31	I	the Isha column holds another time (22-24° in October, equal to Maghrib from 26 October)
masjid-imdadia-manchester-m16-9lj-united-kingdom	2026-10-01	2026-12-31	M	the Maghrib column holds another time (96-110 min after sunset)
masjid-salahudin-glasgow-g40-3sa-united-kingdom	2026-02-17	2026-02-17	F	one Fajr cell off both its neighbours (an hour at a change of clocks, or a typo; checked by hand)
masjid-salahudin-glasgow-g40-3sa-united-kingdom	2026-03-06	2026-03-06	S	a single row or cell away from its own neighbours by 20 min or more (an hour off at a change of clocks, a typo)
masjid-salahudin-glasgow-g40-3sa-united-kingdom	2026-04-03	2026-04-03	S	a single row or cell away from its own neighbours by 20 min or more (an hour off at a change of clocks, a typo)
masjid-salahudin-glasgow-g40-3sa-united-kingdom	2026-04-08	2026-04-09	S	a single row or cell away from its own neighbours by 20 min or more (an hour off at a change of clocks, a typo)
miec	2026-10-29	2026-10-29	F	one Fajr cell off both its neighbours (an hour at a change of clocks, or a typo; checked by hand)
muslim-youth-foundation-manchester-m4-1dy-united-kingdom	2026-01-01	2026-03-31	F S D A M I	congregation times from October to March (Dhuhr 47 min after the meridian), September rows broken
muslim-youth-foundation-manchester-m4-1dy-united-kingdom	2026-03-28	2026-03-28	S D	a single row or cell away from its own neighbours by 20 min or more (an hour off at a change of clocks, a typo)
muslim-youth-foundation-manchester-m4-1dy-united-kingdom	2026-03-29	2026-03-29	S D M	a single row or cell away from its own neighbours by 20 min or more (an hour off at a change of clocks, a typo)
muslim-youth-foundation-manchester-m4-1dy-united-kingdom	2026-03-30	2026-03-31	M	a single row or cell away from its own neighbours by 20 min or more (an hour off at a change of clocks, a typo)
muslim-youth-foundation-manchester-m4-1dy-united-kingdom	2026-08-31	2026-09-01	S D M	a single row or cell away from its own neighbours by 20 min or more (an hour off at a change of clocks, a typo)
muslim-youth-foundation-manchester-m4-1dy-united-kingdom	2026-09-01	2026-12-31	F S D A M I	congregation times from October to March (Dhuhr 47 min after the meridian), September rows broken
muslim-youth-foundation-manchester-m4-1dy-united-kingdom	2026-09-30	2026-10-01	S D M	a single row or cell away from its own neighbours by 20 min or more (an hour off at a change of clocks, a typo)
muslim-youth-foundation-manchester-m4-1dy-united-kingdom	2026-10-24	2026-10-25	S D M	a single row or cell away from its own neighbours by 20 min or more (an hour off at a change of clocks, a typo)
najashi-islamic-centre-erdington-b23-6sn-united-kingdom	2026-03-08	2026-03-08	M	a single row or cell away from its own neighbours by 20 min or more (an hour off at a change of clocks, a typo)
quba-islamic-cultural-centre-birmingham-b7-4ny-united-kingdom	2026-02-26	2026-02-26	F	one Fajr cell off both its neighbours (an hour at a change of clocks, or a typo; checked by hand)
quba-islamic-cultural-centre-birmingham-b7-4ny-united-kingdom	2026-04-24	2026-04-24	S	a single row or cell away from its own neighbours by 20 min or more (an hour off at a change of clocks, a typo)
quba-islamic-cultural-centre-birmingham-b7-4ny-united-kingdom	2026-10-31	2026-11-01	D	a single row or cell away from its own neighbours by 20 min or more (an hour off at a change of clocks, a typo)
quba-islamic-cultural-centre-birmingham-b7-4ny-united-kingdom	2026-11-01	2026-12-31	F S D A M I	congregation (iqama) times in November and December (round clock times)
sbmca-birmingham-b30-1qd-united-kingdom	2026-07-12	2026-07-12	S	a single row or cell away from its own neighbours by 20 min or more (an hour off at a change of clocks, a typo)
south-birmingham-central-masjid-birmingham-b139ls-united-kingdom	2026-08-04	2026-08-04	M	a single row or cell away from its own neighbours by 20 min or more (an hour off at a change of clocks, a typo)
taybah-educational-centre-leicester-le5-4hj-united-kingdom	2026-01-01	2026-02-28	F S D A M I	January and February hold other months' rows
taybah-educational-centre-leicester-le5-4hj-united-kingdom	2026-01-03	2026-01-03	S	a single row or cell away from its own neighbours by 20 min or more (an hour off at a change of clocks, a typo)
taybah-educational-centre-leicester-le5-4hj-united-kingdom	2026-01-21	2026-01-21	S	a single row or cell away from its own neighbours by 20 min or more (an hour off at a change of clocks, a typo)
taybah-educational-centre-leicester-le5-4hj-united-kingdom	2026-01-26	2026-01-26	S	a single row or cell away from its own neighbours by 20 min or more (an hour off at a change of clocks, a typo)
taybah-educational-centre-leicester-le5-4hj-united-kingdom	2026-01-31	2026-02-01	F S D A M I	a single row or cell away from its own neighbours by 20 min or more (an hour off at a change of clocks, a typo)
taybah-educational-centre-leicester-le5-4hj-united-kingdom	2026-02-04	2026-02-04	M	a single row or cell away from its own neighbours by 20 min or more (an hour off at a change of clocks, a typo)
taybah-educational-centre-leicester-le5-4hj-united-kingdom	2026-02-26	2026-02-26	S	a single row or cell away from its own neighbours by 20 min or more (an hour off at a change of clocks, a typo)
taybah-educational-centre-leicester-le5-4hj-united-kingdom	2026-02-28	2026-03-01	S M	a single row or cell away from its own neighbours by 20 min or more (an hour off at a change of clocks, a typo)
taybah-educational-centre-leicester-le5-4hj-united-kingdom	2026-03-13	2026-03-13	S	one sunrise cell off both its neighbours (a typo; checked by hand)
taybah-educational-centre-leicester-le5-4hj-united-kingdom	2026-03-14	2026-03-14	F	one Fajr cell off both its neighbours (an hour at a change of clocks, or a typo; checked by hand)
taybah-educational-centre-leicester-le5-4hj-united-kingdom	2026-03-17	2026-03-17	S	one sunrise cell off both its neighbours (a typo; checked by hand)
taybah-educational-centre-leicester-le5-4hj-united-kingdom	2026-03-26	2026-03-26	S	a single row or cell away from its own neighbours by 20 min or more (an hour off at a change of clocks, a typo)
taybah-educational-centre-leicester-le5-4hj-united-kingdom	2026-03-29	2026-03-31	F S D A M I	an hour off at the change of clocks
taybah-educational-centre-leicester-le5-4hj-united-kingdom	2026-03-30	2026-03-31	F S D A M I	a single row or cell away from its own neighbours by 20 min or more (an hour off at a change of clocks, a typo)
taybah-educational-centre-leicester-le5-4hj-united-kingdom	2026-04-03	2026-04-03	F	one Fajr cell off both its neighbours (an hour at a change of clocks, or a typo; checked by hand)
taybah-educational-centre-leicester-le5-4hj-united-kingdom	2026-04-03	2026-04-03	S	a single row or cell away from its own neighbours by 20 min or more (an hour off at a change of clocks, a typo)
taybah-educational-centre-leicester-le5-4hj-united-kingdom	2026-04-07	2026-04-07	S	one sunrise cell off both its neighbours (a typo; checked by hand)
taybah-educational-centre-leicester-le5-4hj-united-kingdom	2026-04-12	2026-04-12	S	one sunrise cell off both its neighbours (a typo; checked by hand)
taybah-educational-centre-leicester-le5-4hj-united-kingdom	2026-04-21	2026-04-21	S	a single row or cell away from its own neighbours by 20 min or more (an hour off at a change of clocks, a typo)
taybah-educational-centre-leicester-le5-4hj-united-kingdom	2026-04-26	2026-04-26	S	a single row or cell away from its own neighbours by 20 min or more (an hour off at a change of clocks, a typo)
taybah-educational-centre-leicester-le5-4hj-united-kingdom	2026-05-04	2026-05-04	M	a single row or cell away from its own neighbours by 20 min or more (an hour off at a change of clocks, a typo)
taybah-educational-centre-leicester-le5-4hj-united-kingdom	2026-05-10	2026-05-10	M	a single row or cell away from its own neighbours by 20 min or more (an hour off at a change of clocks, a typo)
taybah-educational-centre-leicester-le5-4hj-united-kingdom	2026-05-23	2026-05-23	S	a single row or cell away from its own neighbours by 20 min or more (an hour off at a change of clocks, a typo)
taybah-educational-centre-leicester-le5-4hj-united-kingdom	2026-08-06	2026-08-06	M	a single row or cell away from its own neighbours by 20 min or more (an hour off at a change of clocks, a typo)
taybah-educational-centre-leicester-le5-4hj-united-kingdom	2026-08-16	2026-08-16	M	a single row or cell away from its own neighbours by 20 min or more (an hour off at a change of clocks, a typo)
taybah-educational-centre-leicester-le5-4hj-united-kingdom	2026-09-19	2026-09-30	D	the Dhuhr column an hour late at the end of September (from the 20th; the 19th left out with it)
taybah-educational-centre-leicester-le5-4hj-united-kingdom	2026-09-19	2026-09-20	D	a single row or cell away from its own neighbours by 20 min or more (an hour off at a change of clocks, a typo)
taybah-educational-centre-leicester-le5-4hj-united-kingdom	2026-09-30	2026-10-01	D	a single row or cell away from its own neighbours by 20 min or more (an hour off at a change of clocks, a typo)
taybah-educational-centre-leicester-le5-4hj-united-kingdom	2026-10-09	2026-10-09	F	one Fajr cell off both its neighbours (an hour at a change of clocks, or a typo; checked by hand)
taybah-educational-centre-leicester-le5-4hj-united-kingdom	2026-10-15	2026-10-15	F	one Fajr cell off both its neighbours (an hour at a change of clocks, or a typo; checked by hand)
woodfarm-education-centre-wec-g46-7hf-glasgow-united-kingdom	2026-04-19	2026-04-19	F	one Fajr cell off both its neighbours (an hour at a change of clocks, or a typo; checked by hand)
woodfarm-education-centre-wec-g46-7hf-glasgow-united-kingdom	2026-10-25	2026-10-25	F S D A M I	a single row or cell away from its own neighbours by 20 min or more (an hour off at a change of clocks, a typo)
wythenshawe-masjid-wythenshawe-m22-4jq-united-kingdom	2026-03-24	2026-03-24	D	a single row or cell away from its own neighbours by 20 min or more (an hour off at a change of clocks, a typo)
zawia-mosque-birmingham-b5-7ph-united-kingdom	2026-08-16	2026-08-16	F	one Fajr cell off both its neighbours (an hour at a change of clocks, or a typo; checked by hand)
zaytuna-masjid-birmingham-b32-1pj-united-kingdom	2026-02-01	2026-02-12	A	Asr 24 min after its own Hanafi time on 1-12 February, back to it from the 13th
zaytuna-masjid-birmingham-b32-1pj-united-kingdom	2026-04-01	2026-04-01	D	a single row or cell away from its own neighbours by 20 min or more (an hour off at a change of clocks, a typo)
zaytuna-masjid-birmingham-b32-1pj-united-kingdom	2026-12-01	2026-12-05	F	a step at the month edge: five flat Fajr rows that follow neither its own November curve nor its December one
zaytuna-masjid-birmingham-b32-1pj-united-kingdom	2026-12-02	2026-12-02	D	one Dhuhr cell off both its neighbours (a typo; checked by hand)
