# What be.cautious does not absorb (ruling R87): each case with the days it may cover (for "*", at any one calendar),
# the most minutes it may reach, and why no member takes it at a fair cost for everyone. Figures only, never a printed time.
calendar	event	from	to	days	worst	reason
masjid-bilal-liege-4000-belgium	fajr	2026-01-01	2026-12-31	310	30	Mawaqit's own minutes-before-sunrise Fajr setting (90 min, fajrFixationComparedToShuruq), one admin's simplification and not a convention (research-mawaqit section 2): not evidence for a Fajr change, recorded
mosquee-fatih-de-bruxelles-diyanet-bruxelles-1030-belgium	fajr	2026-01-01	2026-12-31	365	80	Mawaqit's own minutes-before-sunrise Fajr setting (45 min, fajrFixationComparedToShuruq), one admin's simplification and not a convention (research-mawaqit section 2): not evidence for a Fajr change, recorded
pakistan-islamic-cultural-centre-bruxelles-1080-belgium	fajr	2026-01-01	2026-12-31	365	71	Mawaqit's own minutes-before-sunrise Fajr setting (60 min, fajrFixationComparedToShuruq), one admin's simplification and not a convention (research-mawaqit section 2): not evidence for a Fajr change, recorded
el-gazali-camii-antwerpen-2060-belgium	fajr	2026-04-01	2026-08-31	124	4	Diyanet's own table for Antwerpen (as Mawaqit prints it) is not held: its summer takdir Fajr, about a fifth of the night before sunrise, comes up to 4 min after the Brussels table's curve carried to Antwerp as a depression; a Diyanet-Europe question (its city tables beyond the twelve held, ruling R44), not a Belgian member
fatih-camii-gent-gent-9000-belgium	fajr	2026-04-01	2026-08-31	123	5	Diyanet's own table for Gent (as Mawaqit prints it) is not held: its summer takdir Fajr, about a fifth of the night before sunrise, comes up to 5 min after the generic edge beyond the Brussels table's reach, which keeps Fajr no earlier than 19 % of the night; a Diyanet-Europe question (its city tables beyond the twelve held, ruling R44), not a Belgian member
jamia-masjid-anwar-e-madina-gent-gent-9000-belgium	fajr	2026-04-01	2026-08-31	123	5	Diyanet's own table for Gent (as Mawaqit prints it) is not held: its summer takdir Fajr, about a fifth of the night before sunrise, comes up to 5 min after the generic edge beyond the Brussels table's reach, which keeps Fajr no earlier than 19 % of the night; a Diyanet-Europe question (its city tables beyond the twelve held, ruling R44), not a Belgian member
jamia-masjid-anwar-e-madina-gent-gent-9000-belgium	asrHanafi	2026-08-26	2026-08-31	5	2	the Hanafi option (Belgium's default is the Standard Asr): five late-August days up to 2 min after the exact Hanafi time
masjid-sakina-charleroi-6000-belgium	isha	2026-05-01	2026-08-31	95	107	prints Isha at the middle of the night on the nights without 18°, the same minute as its Fajr and the end of eating; absorbing it would put everyone's Isha at the middle of the night in June and July, where the Isha window would be empty (as the UK's midnight-Isha calendars, ruling R75)
mosquee-attakwa-msjd-ltqw-liege-4030-belgium	isha	2026-05-01	2026-08-31	39	24	prints Isha at 18° as long as the sun reaches it, later than EMB's summer cap in May and August: one calendar; absorbing it would move Isha up to 24 min later for everyone in Belgium in May and August
mosquee-des-beaux-arts-de-charleroi-charleroi-6000-belgium	isha	2026-05-01	2026-07-31	16	4	its own Isha, up to 4 min after EMB's summer cap on 16 days
mosquee-des-beaux-arts-de-charleroi-charleroi-6000-belgium	asrStandard	2026-11-01	2026-11-30	10	1	its November Asr up to a minute after the latest member's
mosquee-des-beaux-arts-de-charleroi-charleroi-6000-belgium	maghribCap	2026-01-01	2026-12-31	365	7	prints Maghrib at sunset + 9 to + 9.6 all year, an offset of its own beyond Diyanet's + 7; Belgium's Maghrib is spec 3.6's cap, the most-followed member's own minutes, EMB's sunset + 2 (ruling R88), so it comes 4 to 7 min before this calendar's on every day: the cap's own cost, recorded
el-gazali-camii-antwerpen-2060-belgium	maghribCap	2026-01-01	2026-12-31	365	7	prints Diyanet's Maghrib, sunset + 7 on Diyanet's own sun taken at 0h UT (+ 6 to + 9 on the exact sun); Belgium's Maghrib is spec 3.6's cap, the most-followed member's own minutes, EMB's sunset + 2 (ruling R88: 42 of 64 Brussels mosques follow EMB), so it comes 2 to 7 min before this calendar's on every day: the cap's own cost, recorded
mosquee-fatih-de-bruxelles-diyanet-bruxelles-1030-belgium	maghribCap	2026-01-01	2026-12-31	365	7	prints Diyanet's Maghrib, sunset + 7 on Diyanet's own sun taken at 0h UT (+ 6 to + 9 on the exact sun); Belgium's Maghrib is spec 3.6's cap, the most-followed member's own minutes, EMB's sunset + 2 (ruling R88: 42 of 64 Brussels mosques follow EMB), so it comes 4 to 7 min before this calendar's on every day: the cap's own cost, recorded
fatih-camii-gent-gent-9000-belgium	maghribCap	2026-01-01	2026-12-31	365	7	prints Diyanet's Maghrib, sunset + 7 on Diyanet's own sun taken at 0h UT (+ 6 to + 9 on the exact sun); Belgium's Maghrib is spec 3.6's cap, the most-followed member's own minutes, EMB's sunset + 2 (ruling R88: 42 of 64 Brussels mosques follow EMB), so it comes 3 to 7 min before this calendar's on every day: the cap's own cost, recorded
jamia-masjid-anwar-e-madina-gent-gent-9000-belgium	maghribCap	2026-01-01	2026-12-31	365	7	prints Diyanet's Maghrib, sunset + 7 on Diyanet's own sun taken at 0h UT (+ 6 to + 9 on the exact sun); Belgium's Maghrib is spec 3.6's cap, the most-followed member's own minutes, EMB's sunset + 2 (ruling R88: 42 of 64 Brussels mosques follow EMB), so it comes 3 to 7 min before this calendar's on every day: the cap's own cost, recorded
shahjalal-baitul-aman-antwerpen-2060-belgium	isha	2026-11-04	2026-11-04	1	1	one November day a minute after the 18° dusk: its rounding
taoubat-moskee-antwerpen-2000-belgium	isha	2026-11-04	2026-11-04	1	1	one November day a minute after the 18° dusk: its rounding
el-gazali-camii-antwerpen-2060-belgium	endOfEating	2026-03-14	2026-04-20	7	1	Mawaqit's own Diyanet computation against Diyanet's Brussels curve carried to Antwerp: a minute on seven spring days (two in April before the monitor round; since it, the curve's end outside the takdir is the plain method's own minute, no deeper, and five March and April days join them)
el-gazali-camii-antwerpen-2060-belgium	sunrise	2026-03-01	2026-04-30	5	1	Mawaqit's own Diyanet sunrise (the sun's less 7, on the exact sun) against Diyanet's own Antwerpen table's on its daily sun (its own unit since the monitor round; the Brussels curve before it): a minute on five spring days
mosquee-fatih-de-bruxelles-diyanet-bruxelles-1030-belgium	sunrise	2026-02-01	2026-04-30	9	1	Mawaqit's own Diyanet sunrise (the sun's less 7) against Diyanet's Brussels curve: a minute on nine spring days
el-gazali-camii-antwerpen-2060-belgium	maghrib	2026-01-19	2026-02-13	8	1	Mawaqit's own computation on the exact sun against Diyanet's own table's daily sun (its Antwerpen table, its own unit since the monitor round, which the member reproduces to the minute): on the January and February days the members' Maghribs agree within 2 min the Maghrib shown is Diyanet's own, sunset + 7 on its daily sun, a minute before Mawaqit's rendering of the same rule on the exact sun
el-gazali-camii-antwerpen-2060-belgium	asrStandard	2026-01-20	2026-01-20	1	1	Mawaqit's own computation on the exact sun against Diyanet's own table's daily sun (its Antwerpen table, its own unit since the monitor round, which the member reproduces to the minute): Diyanet's Asr + 4 on its daily sun, a minute before Mawaqit's on the exact sun on one January day
shahjalal-baitul-aman-antwerpen-2060-belgium	endOfEating	2026-12-14	2026-12-14	1	1	its own 18° imsak on the exact sun, a minute before the earliest member's end on one December day (Diyanet's Antwerpen table's own dawn on its daily sun, its own unit since the monitor round; before it, Diyanet's Brussels curve carried to Antwerp lay deeper)
taoubat-moskee-antwerpen-2000-belgium	endOfEating	2026-12-14	2026-12-14	1	1	its own 18° imsak on the exact sun, a minute before the earliest member's end on one December day (Diyanet's Antwerpen table's own dawn on its daily sun, its own unit since the monitor round; before it, Diyanet's Brussels curve carried to Antwerp lay deeper)
