id,name
53654,মোগাদিশু
54225,মার্কা
55671,কিসমায়ো
56335,জাওয়ার
57289,হারগেইসা
58933,গারোওয়ে
59611,গালকায়ো
62691,সীরিগাবো
63795,বুরাও
63949,বুআলে
64013,বোসাসো
64460,বেলেদওয়েইন
64536,বাইডোয়া
69426,জিনজিবার
70225,তাইজ
71334,সাদাহ
72968,মারিব
73560,লাহিজ
74477,ইব্ব
75337,হাজ্জাহ
76184,ধামার
77726,আতাক
78428,আমরান
78754,মুকাল্লা
79415,আল হুদায়দাহ
79455,আল হাজম
79836,আল বায়দা
81302,টোব্রুক
87205,ডারনাহ
88903,আল মার্জ
89055,আল বায়দা
89113,আজদাবিয়া
94824,কারবালা
98182,বাগদাদ
99135,কুফা
99532,বসরা
101628,তাবুক
102527,সাকাকাহ
102891,রাস তানোরা
103630,নাজরান
104515,মক্কা
105072,খামিস মুশাইত
105299,জিজান
105343,জেদ্দা
106281,হায়েল
107304,বুরাইদাহ
107968,তাইফ
108410,রিয়াদ
108435,আর রাস
108512,আরার
109223,মদিনা
109953,আল বাহা
110336,দাম্মাম
110690,আবহা
112931,তেহরান
124665,মাশহাদ
141349,বারদাস্কান
141681,বন্দর আব্বাস
144448,আহবাজ
145531,সৌরিমো
145757,ডুন্ডো
146214,পাফোস
146268,নিকোসিয়া
146384,লিমাসল
146400,লার্নাকা
146412,কিরেনিয়া
146617,ফামাগুস্তা
147105,সুসা
147271,সালিয়ান
147288,সাটলি
147425,নেফ্টচালা
147429,নাখচিভান
147611,লেরিক
147622,লাঙ্কারান
147982,ইমিশলি
148106,ফিজুলি
148290,জালিলাবাদ
148340,পুশকিনো
148354,বেইলাগান
148445,আস্তারা
148565,সিরভান
148619,আগদাম
148730,জাঞ্জিবার
148842,ওয়েটে
148942,ভওয়াওয়া
149606,তাঙ্গা
149658,তাবোরা
149703,সুম্বাওয়াঙ্গা
149879,সিঙ্গিদা
150006,শিনিয়াঙ্গা
151479,এনজোম্বে
152224,মোয়ানজা
152451,মুসোমা
153176,এমপান্ডা
153209,মোশি
153220,মোরোগোরো
154380,ম্বেয়া
157738,কিগোমা
158027,কিবাহা
159071,ইরিঙ্গা
159908,গেইটা
160263,দার এস সালাম
160677,চাকে চাকে
160961,বুকোবা
161312,ববাতি
161325,আরুশা
161616,বালকানাবাত
162183,আশখাবাদ
162199,এনিউ
163345,তারতুস
169389,ইদলিব
169577,হোমস
170017,হামা
170063,আলেপ্পো
170654,দামেস্ক
170794,দেইর এজ-জোর
170905,দারা
172408,আস-সুওয়াইদা
172955,আর রাক্কাহ
173334,আল কুনায়তিরাহ
173576,লাটাকিয়া
173811,আল হাসাকাহ
174875,কাপান
174979,আর্তাশাত
174991,আরারাত
184745,নাইরোবি
187968,মালিনডি
201463,রোয়ামাগানা
202065,কিবুয়ে
203104,বিউম্বা
209228,এমবুজি-মায়ি
210379,লুসাম্বো
212730,কিসাঙ্গানি
212902,কিন্ডু
214481,কানাঙ্গা
214614,কামিনা
215771,ইসিরো
216281,গোমা
216404,গ্বাডোলিট
217570,বুটা
217695,বুনিয়া
217745,বুম্বা
217831,বুকাভু
218680,বোয়েন্দে
220782,তাদজোরা
221527,ওবক
223817,জিবুতি
223890,দিখিল
225037,আর্তা
225284,আলি সাবিহ
229268,ম্বারারা
233114,জিনজা
233346,গুলু
237379,এন্ডেলে
239899,ব্রিয়া
240498,বাঙ্গাসু
240604,বাম্বারি
243787,গোজ বেইডা
244128,ফাদা
244878,বিলটিন
245338,আম তিমান
245785,আবেশে
250441,আম্মান
261249,কামাতেরো
266045,জাহলে
266826,ত্রিপোলি
268064,সিডন
276781,বৈরুত
277130,বাআলবেক
278913,নাবাতিয়ে এট তাহতা
281133,গাজা সিটি
281184,জেরুসালেম
281577,তুলকারেম
282239,রামাল্লাহ
284899,জেরিকো
285066,হেবরন
285629,হাওয়ালি
285799,আল জাহরা
285815,আল ফারওয়ানিয়াহ
285839,আল আহমাদি
286245,সুর
286282,সোহার
286621,সালালাহ
286987,নিজওয়া
287286,মাস্কাট
287614,খাসাব
287832,ইব্রা
289317,আল বুরাইমি
289847,আজ জায়িন
289888,আর রায়্যান
289915,আল ওয়াকরা
289962,আল খাওর
290030,দোহা
290187,ঈসা শহর
290247,হামাদ শহর
290340,মানামা
290594,উম্ম আল কুওয়াইন
291074,রাস আল খাইমাহ
292223,দুবাই
292672,শারজাহ
292878,ফুজাইরা
292932,আজমান
292968,আবুধাবি
293100,সাফেদ
293397,তেল আভিভ
293918,পেটা ঠিকভা
294071,নেতানিয়া
295277,ইলাত
295721,একে
295740,আফোলা
296562,ইয়োজগাত
298117,ভান
298299,উশাক
298333,শানলিউর্ফা
298846,তুনজেলি
300619,সিভাস
307515,কীরশেহির
307654,কিরিক্কালে
307864,কিলিস
308464,কায়সেরি
309527,কারামান
309647,আরি
310859,কাহ্রামানমারাস
311046,ইজমির
311073,ইস্পার্তা
311665,ইগদির
314830,গাজিয়ান্তেপ
315202,এস্কিশেহির
315368,এরজুরুম
315373,এরজিনজান
315808,এলাজিগ
316541,ডিয়ারবাকির
317109,ডেনিজলি
318137,হাক্কারি
320392,বুর্দুর
321025,বিটলিস
321082,বিঙ্গোল
321836,ব্যাটম্যান
322165,বালিকেসির
322830,আইদিন
323777,অ্যান্টালিয়া
323779,অ্যান্টাকিয়া
323786,আঙ্কারা
324496,অক্সারায়
325303,আফ্যোনকারাহিসার
325330,আদিয়ামান
325363,আদানা
333373,কম্বলখা
333772,জিম্মা
339219,দেশি
339734,ডেব্রি বেরহা
344797,আদওয়া
344979,আদ্দিস আবাবা
353229,১০ম রামাদান শহর
358620,সাফাজা
360630,কায়রো
361058,আলেকজান্দ্রিয়া
362288,আবু কির
363243,সারান্দে
363417,ডোঙ্গোলা
363533,জালিনজয়
363656,ইয়াম্বিও
363885,ওয়াউ
364103,ওয়াদ মাদানি
364367,আওয়েইল
365742,টরিট
365763,টঞ্জ
366847,সিঙ্গা
367308,শেন্ডি
367544,সাকিন
367927,রুম্বেক
368277,রাবাক
369004,নিয়ালা
370737,মালাকাল
371466,লীর
371712,কুয়াচজোক
372753,কাসালা
373141,কাদুগলি
377039,পোর্ট সুডান
377241,বোর
378699,এন নাহুদ
379003,এল ওবেইদ
379062,আল কাদারীফ
379303,আল-জুনাইনাহ
379555,এল ফাশের
380148,এল ডেইন
380173,আদ-দামির
380174,আদ-দামাজিন
383388,সিয়ায়া
385038,রিফা
400769,লাসকানূদ
415189,অ্যাডেন
418863,এসফাহন
423549,রুমোঙ্গে
425378,বুজুম্বুরা
428515,বুবানজা
430021,সিবিটোকে
430569,এনগোজি
430952,কায়াঞ্জা
432456,কিরুন্ডো
453754,ভালমিয়েরা
454310,ভেন্টস্পিলস
454768,টুকুমস
455898,সালাস্পিলস
456172,রিগা
456202,রেজেকনে
457065,অগ্রে
457954,লিয়েপাজা
459201,জুরমালা
459279,জেলগাভা
459283,জেকাবপিলস
460413,দাউগাভপিলস
460570,সেসিস
479123,উলিয়ানোভস্ক
480060,তিভের
480562,তুলা
484646,তাম্বভ
485239,সিকটিভকার
487846,স্টাভ্রোপল
491687,স্মোলেন্স্ক
498677,সারাটভ
498698,সারান্স্ক
498817,সেন্ট পিটার্সবার্গ
499099,সামারা
500096,রিয়াজান
501175,রোস্তভ-ন-ডোনু
504341,পসকভ
509820,পেট্রোজাভোডস্ক
511196,পার্ম
511565,পেনজা
515003,ওরেনবার্গ
515012,ওরেল
519336,ভেলিকিয় নোভগোরোড
520555,নিঝনি নোভগোরোড
523392,নার্যান-মার
523523,নালচিক
524305,মুরম্যান্স্ক
524901,মস্কো
528293,মায়কপ
532096,মাখাচকালা
535121,লিপেৎস্ক
538560,কুর্স্ক
542420,ক্রাসনোদার
543878,কস্ট্রোমা
548408,কিরোভ
551487,কাজান
553915,কালুগা
554234,কালিনিনগ্রাড
554840,ইঝেভস্ক
555312,ইভানোভো
558418,গ্রোজনি
563514,এলিস্তা
569154,চের্কেস্ক
569696,চেবোক্সারী
571476,ব্রায়ানস্ক
578072,বেলগোরোড
580497,অস্ট্রাখান
581049,আর্খাঞ্জেলস্ক
584596,জাকাতালা
584649,ইয়েভলাখ
584716,গয়গোল
584717,খাচমাজ
584791,উজার
584871,টার্টার
584923,সুমগাইট
585152,শামখোর
585156,শামাখি
585170,শেকি
585187,সাবিরাবাদ
585220,কুসার
585221,কুবা
585225,হাজিকাবুল
585226,কাজাখ
585514,মিংগাচেভির
585763,কিউরদরমির
585915,খিরদালান
586318,ইসমাইল্লি
586427,গোয়েকায়
586523,গাঞ্জা
586763,দিভিচিবাজার
587057,বার্দা
587084,বাকু
587361,আঘসু
587378,আগদাস
587384,আগজাবেডি
588409,তাল্লিন
593116,ভিলনিউস
593672,উটেনা
593926,টেলসিয়াই
593959,টাউরেজ
594739,শিয়ৌলিয়াই
596128,প্যানেভেজিস
597231,মারিজাম্পোল
598098,ক্লাইপেডা
598316,কাউনাস
601084,আলিটাস
601294,নুকুস
601734,দাসোগুজ
602150,উমিও
604490,লুলিও
608668,ওরাল
609655,কারাগান্ডি
610529,আতিরাউ
610611,আক্টোবে
610612,আক্টাউ
611717,তিবি‌লিসি
616052,ইয়েরেভান
616530,ভানাদজোর
616627,ইজেভান
616629,হ্রাজদান
616631,আর্মাভির
616635,গিউমরি
616877,অশ্তারক
617076,এডিনেট
617180,উনগেনি
617239,তিরাসপল
617302,স্ট্রাসেনি
617367,সোরোকা
617638,অরহেই
617993,হিঞ্চেস্টী
618120,কাউসেনি
618329,ফ্লোরেস্টী
618370,ড্রোকিয়া
618405,কমরাট
618456,কাহুল
618577,বেন্ডার
618605,বাল্টি
620127,ভিটেবস্ক
625665,মোগিলেভ
627904,গ্রোডনো
627907,গোমেল
629634,ব্রেস্ট
633679,টুর্কু
634963,আমবেরে
658225,হেলসিঙ্কি
662334,জালাউ
663118,ভাসলুই
664518,তুলসিয়া
665004,তারগু মুরেস
665010,তারগু জিউ
665024,তারগোভিস্তে
665087,তিমিশোয়ারা
665850,সুচাভা
666767,স্লাতিনা
667268,সিবিউ
667303,স্ফান্তু ঘেয়োর্ঘে
667873,সাতু মারে
668872,রামনিকু ভালসিয়া
668954,রেসিতা
670474,প্লয়েস্তি
670609,পিতেস্তি
670889,পিয়াত্রা নেয়্যামত
671768,ওরাডিয়া
673441,মিয়ারকুরিয়া-চিউক
675810,ইয়াশি
677106,গিউর্জিউ
677697,গালাতি
678015,ফোক্সানি
678817,ড্রোবেটা-টুর্নু সেভেরিন
680332,ক্রায়োভা
680963,কনস্টান্টা
681290,ক্লুজ-নাপোকা
683123,বুজাউ
683844,ব্রাসোভ
683902,ব্রাইলা
684039,বোটোশানি
684657,বিস্ট্রিতসা
703448,কিয়েভ
723819,প্রেশভ
724443,কোশিৎসে
725578,ইয়াম্বল
725712,ভ্রাৎসা
725905,ভিডিন
725988,ভেলিনগ্রাদ
725993,ভেলিকো টার্নোভো
726050,ভার্না
726174,তারগোভিষ্ঠে
726418,ডোব্রিচ
726848,স্তারা জাগোরা
727011,সফিয়া
727030,স্মোলিয়ান
727079,স্লিভেন
727221,সিলিস্ট্রা
727233,শুমেন
727523,রুসে
727696,রাজগ্রাড
727886,পারভোমে
728193,প্লোভদিভ
728203,প্লেভেন
728317,পেশটেরা
728330,পের্নিক
728378,পাজারঝিক
728448,পানাগ্যুরিশটে
729114,মন্টানা
729559,লোভেচ
729581,লম
729730,কিউস্টেন্ডিল
729794,কার্ডঝলি
730435,হাস্কোভো
731549,গাব্রোভো
732770,বার্গাস
733191,ব্ল্যাগোএভগ্রাড
737022,জংগুলদাক
738025,ইয়ালোভা
738648,ট্রাবজন
738743,তোকাত
738927,তেকিরদাগ
739600,সিনোপ
740264,সামসুন
740483,রিজে
741100,অর্ডু
743166,কিরকলারেলি
743882,কাস্তামোনু
743952,কার্স
744562,কারাবুক
745028,ইজমিত
745044,ইস্তাম্বুল
746425,গুমুশহানে
746881,গিরেসুন
747712,এডির্নে
747764,ডুজ্জে
748879,চোরুম
749748,চাঙ্কারী
749780,চানাক্কালে
750269,বুরসা
750516,বোলু
750598,বিলেজিক
750938,বাইবুর্ত
751057,বার্টিন
751817,আর্টভিন
751952,আর্দাহান
752015,আমাস্য
752850,আদাপাজারী
759734,রজেশো
763166,ওলজটিন
765876,লুবলিন
769250,কিয়েলসে
776069,বিয়ালিস্টক
781988,পোগ্রাডেক
782519,লিব্রাঝ্ড
782661,কুকেস
782756,কর্চে
783148,গিরোকাস্টার
783263,এলবাসান
783508,বুলকিজা
783926,জেলিনো
784424,ভিনিকা
784759,ফেরিজাজ
785058,ভেলেস
785082,টেটোভো
785113,টিয়ার্সে
785345,স্টুডেনিকানি
785380,স্ট্রুমিকা
785387,স্ট্রুগা
785482,শটিপ
786341,রেসেন
786565,রাডোভিস
786712,প্রিজরেন
786735,প্রিলেপ
787157,পেজে
787487,ওহরিড
787716,নেগোটিনো
788654,লিপকোভো
788886,কুমানোভো
789045,ক্রিভা পালাঙ্কা
789225,মিত্রোভিচে
789403,কোচানি
789527,কিচেভো
789541,কাভাদার্চি
790295,গোস্টিভার
790674,গজিলান
790744,গেভগেলিজা
791559,ডেলৎচেভো
791606,ডেবার
791646,গজাকোভে
792227,ব্রভেনিৎসা
792501,বোগোভিনজে
792578,বিটোলা
833357,ইলিন্ডেন
864723,মারুপে
877178,কাটিমা মুলিলো
877401,সোঙ্গেয়া
877747,ম্টওয়ারা
878281,লিন্দি
884979,মুটারে
886763,মাসভিঙ্গো
886990,মারোন্ডেরা
890422,গ্বেরু
890516,গ্বান্ডা
893697,চিনহয়ী
894701,বুলাওয়ায়ো
895061,বিন্দুরা
897045,সোলওয়েজি
901344,এনডোলা
906054,মোঙ্গু
907770,মানসা
909137,লুসাকা
912764,কাসামা
916095,কাবওয়ে
917748,চোমা
918702,চিপাতা
918905,চিনসালি
921753,মৌটসামৌদৌ
921889,ফোম্বোনি
921900,ডজাউডজি
922704,লুবুম্বাশি
922741,লিকাসি
925475,মজুজু
931755,ব্ল্যান্টায়ার
932035,তেয়াতেয়ানeng
932183,কুথিং
932438,মোহালে'স হুক
932614,মাফেটেং
932698,হ্লোতসে
932886,বুথা-বুথে
933088,সেরোওয়ে
933141,রামোত্সওয়া
933305,মোলেপোলোলে
933340,মোচুডি
933366,মাউন
933685,কান্যে
933759,ঘানজি
933778,ফ্রান্সিসটাউন
934154,পোর্ট লুইস
934631,সেন্ট্রে দে ফ্ল্যাক
934765,বো বেসিন-রোজ হিল
934995,মানজিনি
936374,রুডেপোর্ট
953781,সোয়েতো
963241,রেন্ডবার্গ
964137,প্রিটোরিয়া
965289,পোলোক্ওয়ানে
965301,পিটারমেরিটজবার্গ
971534,এমবোম্বেলা
980595,মাফিকেং
990930,কিম্বারলি
993800,জোহানেসবার্গ
1018725,ব্লোমফন্টেইন
1019330,ভিশো
1024552,জাই-জাই
1026014,তেতে
1028434,কুয়েলিমেন
1028918,পেম্বা
1033356,নামপুলা
1039536,ম্যাসিসে-মোজাম্বিক
1039854,মাতোলা
1043893,লিচিঙ্গা
1045114,ইনহাম্বেন
1049261,চিমোইও
1052373,বেইরা
1053384,তোআমাসিনা
1054463,সিরোয়ানোমান্ডিডি
1055429,তোলিয়ারা
1055433,তোলানারো
1056899,সাম্বাভা
1058381,মোরোন্ডাভা
1061605,মানাকারা
1061912,মেইন্টিরানো
1062663,মাহাজাঙ্গা
1062842,মাইভাতানা
1064275,ইহোসি
1064890,ফিয়ানারান্সোয়া
1064980,ফেনোয়ারিভো অত্সিননানা
1065158,ফারাফাঙ্গানা
1068971,অন্তসোহিহি
1069129,অন্তসিরানানা
1069166,অন্তসিরাবে
1070940,আনতানানারিভো
1079048,অ্যাম্বোভোম্বে
1079088,অ্যাম্বোসিত্রা
1082639,অ্যাম্বাতোন্দ্রাজাকা
1090225,কোঙ্গু
1106835,থাবা-সেকা
1120985,জারান্জ
1123004,তালোকান
1125155,শিন্দান্দ
1125444,শিবিরঘান
1125896,শাহরাক
1127110,সার-ই পুল
1127768,আইবক
1128265,রুস্তাক
1129516,কারকিন
1130490,পুল-ই খুমরী
1131833,নিলি
1132495,নাহরিন
1133453,মায়মানা
1133574,মেহতার লাম
1133616,মাজার-ই শরীফ
1134720,লাশকার গাহ
1135689,কুন্দুজ
1136469,খোস্ট
1136575,খুলম
1137079,খান নেশিন
1137168,খানাবাদ
1137807,কারুখ
1138336,কান্দাহার
1138958,কাবুল
1139085,জুর্ম
1139715,জালালাবাদ
1139807,জাবাল ওস সারাজ
1140026,হেরাত
1141089,ঘর্মাচ
1141269,ঘাজনি
1141540,গেরেশক
1141857,গার্দেজ
1142170,ফয়জাবাদ
1142264,ফারাহ
1142330,ইস্তালিফ
1145352,চরিকর
1147066,বারাকী বারাক
1147242,বামিয়ান
1147290,বাল্‌খ
1147489,বাহারাক
1147540,বাঘলান
1148205,আসমার
1148311,আসাদাবাদ
1148658,আন্ধখোয়
1149698,ফেতচাবুরী
1150007,ট্রাঙ্গ
1150490,তাক
1150515,সুরাট থানী
1150533,সুখোথাই
1150954,রাচাবুরী
1150965,রানং
1151074,প্রাচুয়াপ খিরি খান
1151254,ফুকেট
1151426,ফায়াও
1151933,নখন সি থাম্মারাট
1152468,ল্যাম্ফুন
1152473,ল্যাম্পাং
1152633,ক্রাবি
1153081,কাঞ্চনাবুরী
1153090,কম্ফেং পেট
1153557,চুম্ফন
1153669,চিয়াং রাই
1153671,চিয়াং মাই
1159301,জহেদন
1163582,থাট্টা
1164909,শিয়ালকোট
1166933,রেনালা খুর্ড
1166993,রাওয়ালপিন্ডি
1167031,রাতুদেরো
1167528,কোয়েটা
1168197,পেশাওয়ার
1168312,পাসনি
1169372,নানকানা সাহিব
1169607,মুজাফফারাবাদ
1170395,মিনঙ্গোরা
1172451,লাহোর
1172682,কুন্দিয়ান
1174872,করাচী
1175125,কামার মুশনি
1175365,কলাবাঘ
1175436,কাহুতা
1175892,জাং সদর
1176106,জারানওয়ালা
1176233,জামরুদ
1176615,ইসলামাবাদ
1177042,হাসিলপোর তেসিল
1177169,হরপ্পা
1177682,গুজার খান
1178231,গজরা
1178338,গিলগিট
1179790,ডিঙ্গা
1181065,চিত্রল
1182682,বাওয়ানা
1182787,ভাওয়াল
1185092,Thākurgaon
1185095,Teknāf
1185098,টঙ্গী
1185099,সিলেট
1185106,জামালপুর
1185108,Shibganj
1185115,সিরাজগঞ্জ
1185116,নেত্রকোণা
1185128,রাজশাহী
1185141,Panchagarh
1185148,Patiya
1185149,Parbatipur
1185160,Nageswari
1185162,ময়মনসিংহ
1185167,Morrelgonj
1185173,Mathba
1185181,Lalmanirhat
1185186,কুমিল্লা
1185188,রংপুর
1185191,Kushtia
1185199,Kālīganj
1185204,Jhikargāchha
1185206,Joypur Hāt
1185209,হবিগঞ্জ
1185224,ফেনী
1185239,Sarankhola
1185241,ঢাকা
1185247,Chilmāri
1185251,Lālmohan
1185260,Bhātpāra Abhaynagar
1185262,Bherāmāra
1185263,ভৈরব বাজার
1185270,Bāndarban
1185272,Kālia
1185281,বাগেরহাট
1185293,নড়াইল
1188204,শাহ্‌বাজপুর টাউন
1189638,Raojān
1192366,Pār Naogaon
1193745,সুটরিয়া
1194041,Mohāmmadpur
1196292,লক্ষ্মীপুর জেলা
1200109,গাজীপুর
1203878,Dohazāri
1203891,দিনাজপুর
1205481,Uttar Char Fasson
1205733,চট্টগ্রাম
1208011,Burirchar
1210565,Burhānuddin
1212221,Ayla Patakata
1215957,তারমিজ
1216187,শহরিসবজ
1216265,সমরকন্দ
1216311,কারশী
1217662,বুখারা
1218667,মেরি
1219649,তুর্কমেনাবাত
1220747,বোখতার
1221328,খোরুগ
1226260,ত্রিংকোমালি
1228730,রত্নপুরা
1229293,পুট্টালাম
1231410,প্যানাডোরা
1233369,নেগোম্বো
1234569,দেহিওয়ালা-মাউন্ট লাভিনিয়া
1235846,মাতারা
1235855,মাথাল
1237980,কুরুনেগল
1240723,কিগল
1241622,ক্যান্ডি
1241750,কান্দনা
1241964,কালুতারা
1242833,জাফনা
1244926,হাম্বানটোটা
1246000,গাম্পোলা
1246294,গালে
1248991,কলম্বো
1249145,চিলাউ
1249978,চেস্কে বুদেজোভিসে
1250615,বাদুল্লা
1251081,অনুরাধাপুর
1252416,থিম্ফু
1252479,পুনাখা
1252608,সিরাং
1252698,জায়েদপুর
1252738,য়েবলা
1252758,য়েলাহান্কা
1252822,যাদগিরি
1252919,ওয়ারুদ
1252925,ওয়ারোরা
1252942,ওয়ারধা
1253184,বিজযবাডা
1253200,বিদিশা
1253392,বারকল
1253573,বড়োদরা
1253579,ভাদিপত্তি
1253702,উরান
1253807,উমরেড
1253870,উমরগা
1253894,উল্লাসনগর
1253904,উখরুল
1253914,উজ্জয়িনী
1253952,উড়ুপি
1253986,উদয়পুর
1254080,তুমসার
1254163,তিরুবনন্তপুরম
1254241,টঙ্ক
1254282,টোদারায়সিং
1254283,টোদাভিম
1254331,তিরুভারুর
1254346,তিরুর
1254385,তিরুচেনগোড়ে
1254649,তাঞ্জাবুর
1254710,তেজপুর
1254732,তেওনথার
1254780,তালসেরি
1254912,তারকেশ্বর
1255121,টলিপরম্ব
1255212,তখতপুর
1255213,তাখাতগড়
1255301,সুসনের
1255437,সুন্দরগড়
1255482,সুলিয়া
1255634,শ্রীনগর
1255647,শ্রীকাকুলাম
1255763,সুবর্ণপুর
1255860,সোজাত
1255870,সোহনা
1256067,সিরোহি
1256119,সিন্নার
1256237,শিমলা
1256245,সিমগা
1256259,সিলবাস্সা
1256269,সিলোদ
1256287,শিলচর
1256363,শিডলাঘাটা
1256451,শিবপুরি
1256475,শিরপুর
1256489,শিরডি
1256515,শিমোগা
1256523,শিলং
1256525,শিলিগুড়ি
1256593,শিউপুর
1256620,শেগাঁও
1256739,শাহদোল
1256814,সেড়ম
1256828,সেওন্দা
1256854,সেন্দুওয়া
1256913,সেহোরে
1256949,সওয়াই মাধোপুর
1257196,সার্ধানা
1257307,সাওনের
1257436,সঙ্গমনের
1257476,সানকোল
1257482,সানাউর
1257542,সাম্বালপুর
1257682,শাক্রী
1257751,সাঁইথিয়া
1257804,সহর্সা
1257928,সবলগড়
1258044,রূড়কী
1258076,রোহতক
1258109,রবার্টসনপেট
1258140,রীনগুস
1258229,রেমুনা
1258294,রক্সৌল
1258315,রাউরকেলা
1258338,রত্নগিরি
1258526,রাঁচি
1258677,রামগড়
1258815,আলিরাজপুর
1258980,রায়পুর
1259005,রায়গড়
1259026,রাহিমতপুর
1259064,রায়বেরেলি
1259091,কোল্লম
1259110,কাদিয়ান
1259148,পুষ্কর
1259166,পূর্ণিয়া
1259229,পুণে
1259385,পোর্ট ব্লেয়ার
1259388,পোরসা
1259395,পোরবন্দর
1259425,পন্ডিচেরী
1259429,পোন্ডা
1259446,পোলাসারা
1259592,পিপলি
1259784,ফেক
1259811,ফালটান
1259813,ফালোদি
1259881,পেরিন্তালমন্না
1259939,পেহওয়া
1260016,পরী
1260040,পাতু্ককোট্টাই
1260086,পাটনা
1260129,পাথারিয়া
1260137,পাঠানকোট
1260156,পতৌদি
1260274,পারোলে
1260290,পার্লি
1260341,পারভানি
1260434,পানওয়েল
1260546,পাধরপুর
1260607,পানাজি
1260637,পালওয়াল
1260671,পালানি
1260728,পালঘাট
1260734,পালেরা
1260833,পৈঠান
1260909,পাদ্রুনা
1260916,পদ্মাপুর
1261008,ওট্টপালম
1261012,ওসমানাবাদ
1261045,ওঙ্গোল
1261068,ওজার
1261181,উত্তর লখিমপুর
1261205,নংস্তৈন
1261208,নংপো
1261234,নোহার
1261396,নিলাঙ্গ
1261402,নীলগিরি
1261481,নয়া দিল্লী
1261598,নওয়ানশাহর
1261613,নাওয়ালগড়
1261731,নাশিক
1261772,নারনাউল
1261800,নরগুন্দ
1261828,নারায়ণগড়
1261931,নন্দুরবার
1261998,নানুতা
1262097,নাকোদার
1262111,নজফগড়
1262115,নাইনওয়া
1262180,নাগপুর
1262253,নগর
1262321,মহীশূর
1262330,মজঃফরপুর
1262374,মুসৌরী
1262426,মোরিন্দা
1262463,মুন্নার
1262510,মুণ্ডগোড়
1262516,মুন্ডারগি
1262534,মুলতাই
1262663,মুধোল
1262664,মুদগাল
1262771,মোরেনা
1263051,মিলাক
1263057,মিহোনা
1263080,মহোও সেনানিবাস
1263083,মহসুওয়াদ
1263195,মেহকার
1263230,মেদাক
1263275,মাওনা
1263303,মৌদহা
1263311,মৌ
1263528,মারহাউরা
1263591,মানওয়াথ
1263691,মনজাহানপুর
1263694,মঞ্জেরী
1263780,ম্যাঙ্গালোর
1263807,মানের
1263814,মাণ্ড্য
1263834,মান্দসৌর
1263862,মান্ডী
1264154,মালাপ্পুরম
1264292,মৈনপুরী
1264323,মাহওয়া
1264385,মহেশ্বর
1264504,মঘর
1264527,চেন্নাই
1264543,মধ্যমগ্রাম
1264553,মধুগিরি
1264688,লুংলেই
1264733,লক্ষ্ণৌ
1264756,লোসাল
1264794,লোনার
1264976,লেহ
1265014,লাতুর
1265157,ললিতপুর
1265220,লোয়াবাদ
1265491,কর্নুল
1265579,কুন্নামকুলম
1265591,কুণিগল
1265607,কুন্দগোল
1265632,কুন্ডা
1265645,কুমতা
1265709,কুলু
1265734,কুলগাম তহসিল
1265767,কুকটপল্লি
1265811,কুড়চি
1265821,কুচেরা
1265830,রায়রঙ্গপুর
1265859,কৃষ্ণনগর
1265873,কোঝিকোড়
1265911,কোট্টায়ম
1266038,কোটাগিরি
1266051,কোতা
1266126,কোরটাগেরে
1266128,কোরাপুট
1266154,কোপ্পাল
1266162,কোপারগাঁও
1266258,কোলাসিব
1266330,কোকরাজহার
1266366,কোহিমা
1266414,কোদার্মা
1266486,কিষানগড়
1266518,কিনওয়াত
1266616,খুরদা
1266666,খোপোলি
1266710,খিড়কিয়া
1266744,খেত্রি
1266746,খেতিয়া
1266960,খারার
1266975,খড়গপুর
1266976,খড়্গপুর
1267016,খান্না
1267031,খান্দোওয়া
1267044,খানদেলা
1267187,খাগাউল
1267336,কেকরি
1267517,কাথগড়া
1267579,কাশিপুর
1267588,কাসগঞ্জ
1267635,কারওয়ার
1267648,কারুর
1267675,কার্শিয়াং
1267742,কারজাত
1267819,কারৌলি
1267911,কাপুরথালা
1268159,কাঞ্চীপুরম
1268189,কনকপুরা
1268327,কালপেত্তা
1268593,কৈথল
1268601,কাইরানা
1268615,কায়মোরে
1268616,কাইমগঞ্জ
1268761,জুন্নার
1268782,জলন্ধর
1268810,জোয়াই
1268865,যোধপুর
1268977,ঝারসুগুড়া
1269042,ঝজ্জর
1269046,ঝাঝা
1269057,জেবারগি
1269093,জয়নগর
1269175,জসিডি
1269217,জাওরা
1269300,জামশেদপুর
1269317,জামনগর
1269406,জালগাঁও
1269407,জালগাঁও
1269507,জয়সলমের
1269515,জয়পুর
1269564,জাগরাৱন
1269578,জগদলপুর
1269633,জবলপুর
1269655,ইটানগর
1269723,মালদা
1269743,ইন্দোর
1269771,ইম্ফল
1269810,ইগাটপুরি
1269834,ইচালকরনজি
1269843,হায়দ্রাবাদ
1269908,হুকেরী
1269935,হোসপেত
1269936,হোসকোটে
1269939,নর্মদাপুরম
1269943,হোসদুর্গ
1269990,হোলালকেরে
1270000,হোদাল
1270021,হিসুওয়া
1270066,হিন্জিলিকাট
1270072,হিঙ্গোলি
1270082,হিনদোরিয়া
1270090,হিন্দাউন
1270239,হাসান
1270349,হরিহর
1270396,হাওড়া
1270482,হালিয়াল
1270498,হা্লদ্বানি
1270530,হাইলাকান্দি
1270642,গুরুগ্রাম
1270647,গুরুদাসপুর
1270667,গুনুপুর
1270668,গুণ্টুর
1270711,গুনা
1270752,গুলবার্গ
1270824,গুব্বি
1270903,গোরমি
1270927,গোরক্ষপুর
1270990,গোনদিয়া
1271083,গোহদ
1271107,গোধ্রা
1271113,গোদ্দা
1271175,গিরিডি
1271259,ঘোষী
1271308,গাজিয়াবাদ
1271363,ঘারাউনদা
1271476,গুয়াহাটি
1271631,গ্যাংটক
1271715,গান্ধীনগর
1271729,গণ্ডেরবাল
1271834,গড়হিংলাজ
1272025,এরানদোল
1272051,এলুরু
1272175,দুর্গাপুর
1272181,দুর্গ
1272225,দুমরাউঁ
1272229,দুমরা
1272237,দুমকা
1272259,দুলিয়াজান
1272396,ডোঙ্গরগড়
1272502,দিউ
1272606,দেগলুর
1272646,বিচোলিম
1272691,ধুলে
1272832,ধর্মশালা
1272874,ধারানগাঁও
1273066,দেওয়াস
1273123,দেবানহাল্লি
1273128,দেবাকোট্টা
1273153,দেশনোকে
1273166,দেড়গাঁও
1273265,দেওবন্দ
1273294,দিল্লি
1273313,দেরাদুন
1273369,দৌসা
1273374,দৌন্দ
1273491,দ্বারভাঙা
1273574,দাণ্ডেলি
1273587,দামোহ
1273626,মেদিনীনগর
1273780,কটক
1273784,কুর্তি
1273874,কোচি
1273992,চোপদা
1274040,চিতোরগড়
1274056,চিত্রদুর্গ
1274218,চিকোদি
1274237,চিখলি
1274256,চিদাম্বারম
1274337,ছত্তরপুর
1274353,চাপরা
1274532,চাকসু
1274533,ছাত্রাপুর
1274641,চান্নপত্তন
1274642,চান্নগিরি
1274693,চন্দ্রপুর
1274746,চন্ডীগড়
1274755,চান্দেরী
1274770,চন্ডাউলি
1274784,চন্দননগর
1274862,চাল্লকেরে
1274987,কন্নুর
1275004,Kolkata
1275066,বুড়ার
1275120,বুলান্দশহর
1275194,ব্রজরঞ্জনগর
1275198,ব্রহ্মপুর
1275248,বোরিবালি
1275339,মুম্বই
1275346,বোলপুর
1275368,বোইসার
1275389,বুদ্ধ গয়া
1275481,বিসালপুর
1275558,বিনিকা
1275804,ভুম
1275812,ভূজ
1275817,ভুবনেশ্বর
1275818,ভুবন
1275841,ভোপাল
1275865,ভোকার
1275901,ভিওয়াদি
1275921,ভিঙ্গা
1275926,ভিন্দ
1275971,ভিলাই নগর
1276014,ভাঈন্দর
1276070,ভাটিণ্ডা
1276092,ভুসাওয়ার
1276103,ভারতথানা
1276128,ভরতপুর
1276159,ভঞ্জনগর
1276265,ভৈনসদেহি
1276325,ভদ্রক
1276378,বেয়পারে
1276393,বেতিয়া
1276437,বেরী
1276449,বেরাসিয়া
1276495,বেলসান্দ
1276509,বেল্লারী
1276533,বেলগাউম
1276589,বেহরোর
1276600,বেহাত
1276609,বেগুসারাই
1276783,বাসবকল্যাণ
1276856,বার্শি
1276867,বড়পেটা
1276988,বড়গড়
1277005,বরাইলি
1277029,বর্ধমান
1277082,বরাহনগর
1277324,বনগাঁ
1277333,বাঙ্গালোর
1277599,বালেশ্বর
1277776,বাইহার
1277820,বহরমপুর
1277835,বাহাদুরগড়
1277841,ভাহ
1277897,বাগডোগরা
1277936,বাগলকোট
1277976,বাদলাপুর
1278023,বড়করা
1278083,আজমগড়
1278094,অযোধ্যা
1278139,ঔসা
1278149,আওরঙ্গাবাদ
1278173,আতুর
1278176,অত্তিঙ্গল
1278208,আথনি
1278296,আশ্তা
1278297,অশোকনগর
1278314,আসানসোল
1278354,আর্সিকেরে
1278458,অরঙ্গ
1278483,আররাহ
1278551,অঙ্কোলা
1278593,অনুগুল
1278609,আনেকাল
1278667,অনন্তনাগ
1278685,আনন্দ
1278710,অমৃতসর
1278808,আমেত
1278931,আমালনের
1278946,আলোয়ার
1278964,আলোট
1279027,আলিবাগ
1279066,আলান্দি
1279068,আলান্দ
1279094,অকোট
1279105,অকোলা
1279144,অকালতারা
1279159,অজমের
1279186,আইজল
1279233,আহমেদাবাদ
1279290,আগরতলা
1279390,অচলপুর
1279403,আবোহার
1280517,নাগ-ছু বিভাগ
1280737,লাসা
1280849,কাশগর
1282027,মালে
1282898,পোখরা
1283240,কাঠমান্ডু
1283318,জনকপুর
1283465,ধনকুটা
1283562,বুটওয়াল
1283613,ভরতপুর মহানগর
1293625,দাওয়াই
1293960,তাউংজি
1295765,সিত্তওয়ে
1298824,ইয়াংগুন
1299154,প্রোম
1300466,বাগো
1302849,হপা-আন
1303351,নং-উ
1307101,নামখাম
1307741,ম্যিটকাইনা
1307835,মাইংয়ান
1308465,মল্লমাইন
1308522,মনিওয়া
1308910,মোহনিন
1309611,মাইংয়েক
1311874,মান্দালে
1312609,ম্যাগওয়ে
1313479,লইকাও
1314759,লাশিও
1315749,কিয়ংপ
1325211,হিন্থাদা
1325443,হাখা
1328421,পাথাইন
1336133,Sātkania
1336134,Cox’s Bāzār
1336135,Khulna
1336136,ভোলা জেলা
1336137,বরিশাল
1336139,Rāngāmāti
1336140,Jessore
1337233,বগুড়া
1337239,Pīrgaaj
1337240,Nawābganj
1349452,সাভার উপজেলা
1429434,বাজারক
1462674,Hāthazāri
1462681,Mānikchhari
1462711,বিজয়পুরা
1462733,আদমপুর
1465594,মাধবরম
1465622,পোরূর
1465623,মুঘলীবক্কম
1465825,মাড়িবক্কম
1477498,Bhāndāria
1486209,ইয়েকাটেরিনবার্গ
1488754,টিউমেন
1489425,টমস্ক
1493197,সালেখার্ড
1496153,ওমস্ক
1496747,নোভোসিবিরস্ক
1498693,মিনুসিনস্ক
1500973,কিজিল
1501321,কুরগান
1502026,ক্রাসনোয়ার্স্ক
1503772,খান্তি-মানসিয়স্ক
1503901,কেমেরোভো
1506271,গর্নো-আল্টায়স্ক
1508291,চেলিয়াবিন্‌স্ক
1510853,বার্নাউল
1512236,আবাকান
1512473,উর্গেঞ্চ
1512569,তাশখন্দ
1513131,নাভোই
1513157,নামাঙ্গান
1513886,জিজ্জাখ
1513966,গুলিস্তান
1514019,ফার্গোনা
1514588,আন্দিজান
1514879,খুজন্দ
1515007,উলিয়াস্টে
1515029,উলাআংগোম
1515436,ওলগি
1516048,খোভড
1516393,আলতাই
1516589,জেজকাজগান
1516905,তারাজ
1517945,তুর্কেস্তান
1518542,তালদিকোরগান
1518980,শিমকেন্ট
1519422,সেমে
1519922,কিজিলোর্দা
1519928,কোস্তানায়
1519948,কোনায়েভ
1520172,পেট্রোপাভল
1520240,পাভলোদার
1520316,উস্ট-কামেনোগোর্স্ক
1521368,বাইকোনুর
1522203,কোকশেটাউ
1526384,আলমাটি
1527299,তালাস
1527534,ওশ
1527592,নারিন
1528121,কারাকল
1528249,জালাল-আবাদ
1528675,বিশকেক
1528735,বাটকেন
1529102,উরুমকি
1562538,ভি থান
1562693,ভিনহ লং
1562798,ভিনহ
1562820,ভিয়েত ত্রি
1563281,টুই হোয়া
1563287,তুয়েন কোয়াং
1563926,থান্থ ফো ট্রা ভিনহ
1565022,থু দাউ মট
1566166,থান্থ হোয়া
1566319,থাই নগুয়েন
1566559,তায় নিনহ
1567069,তান আন
1567148,তাম কি
1567681,সন লা
1567788,সোক ট্রাং
1568510,রাচ জিয়া
1568574,কুই ন্হন
1568770,কোয়াং এনগাই
1569684,প্লেইকু
1570449,ফু লি
1571058,ফান থিয়েত
1571067,ফান রাং-থাপ চাম
1571968,নিনহ বিনহ
1572151,ন্হা ট্রাং
1573517,নাম দিনহ
1574023,মাই থো
1575627,লং জুয়েন
1576303,লাও কাই
1576633,ল্যাং সন
1580142,হাং ইয়েন
1580240,হিউ
1580410,হা লং
1581047,হা তিন্হ
1581130,হ্যানয়
1581298,হাইফং
1581834,জিয়া নঘিয়া
1582436,জিয়ং খোয়াই
1582926,ডং হা
1583477,ডিয়েন বিয়েন ফু
1583992,দা নাং
1584071,দা লাট
1586151,কাও লান্হ
1586185,কাও বাং
1586203,ক্যান থো
1586443,কা মাউ
1586896,বুওন মা থুওত
1587923,বিয়েন হোয়া
1587976,বেন ট্রে
1591449,বাক নিন্হ
1604769,ইয়াসোথন
1604870,ইয়ালা
1605215,উত্তরাদিত
1605221,উথাই থানী
1605239,উডন থানী
1605245,উবন রাচাথানী
1605279,ট্রাট
1606030,সুরিন
1606033,সুপান বুরী
1606147,সংখলা
1606239,সি সা কেট
1606270,সিং বুরি
1606376,সাতুন
1606418,সারাবুরি
1606586,সামুত সংগক্রম
1606588,সামুত সাখোন
1606590,সামুত প্রকান
1606790,সাকোন নাখোন
1606807,সা কায়েও
1607001,রয়ই এট
1607017,রায়ং
1607280,প্রাচীন বুরি
1607532,ফ্রা নাখোন সি আয়ুত্থয়া
1607552,ফ্রে
1607708,ফিৎসানুলোক
1607725,ফিচিট
1607737,ফেৎচাবুন
1607779,ফাৎঠালুং
1607978,পাৎতানী
1607983,পাথুম থানী
1608133,মুয়েং নোনথাবুরী
1608232,নং খাই
1608269,নং বুয়া লাম্ফু
1608409,নারাথিওয়াট
1608452,নান
1608527,নাখোন সওয়ান
1608529,নাখোন রাচসিমা
1608531,নাখোন পানহম
1608534,নাখোন পাথম
1608539,নখোন নায়োক
1608597,মুকদাহান
1608900,মহা সারখাম
1609032,লপ বুরি
1609071,লোয়েই
1609350,ব্যাংকক
1609776,খোন কায়েন
1610469,কালাসিন
1611110,চোন বুরি
1611269,চন্ঠাবুরি
1611407,চৈয়াফুম
1611416,চাই নাত
1611439,চাচোয়েংসাও
1611453,বুরি রাম
1621060,অমনাত চারোয়েন
1626459,সুআই
1636670,মালিয়ানা
1637730,লীকিসা
1642911,জাকার্তা
1645457,দিলি
1649539,বাউকাউ
1651816,আইলেউ
1651944,ভিয়েনতিয়েন
1652203,খাম নুয়া
1653316,সাভান্নাখেট
1654379,পাক্সে
1655078,মুয়াং জাই
1655123,মুয়াং ফনসাভান
1655140,পাক্সান
1655199,থাখেক
1655559,লুয়াং প্রাবাং
1668341,টাইপেই
1673820,কাওহসিউং
1678008,জিনচেং
1680932,তুগুয়েগারাও
1683877,টালিসে
1684269,টাগুম
1684553,তেগায়তে
1688830,সান পাব্লু
1690039,সান ফার্নান্দো
1695804,পানাবো
1696165,পালায়ান
1696710,পাগাদিয়ান
1701668,ম্যানিলা
1701966,ম্যান্ডালুং
1708226,লা কার্লোট্যাঁ
1708522,কোরোনাডাল
1714201,দুমাগুয়েতে
1715348,দাভাও
1715542,ডাপিতান
1716771,কোটাবাতো
1717512,সেবু শহর
1720561,কালাপান
1720681,কালাম্বা
1722186,বুতুয়ান
1725804,বায়ান
1728930,বাগুইও
1729085,বাগো
1732752,জোহর বাহরু
1732903,শাহ আলম
1732905,ক্লাং
1733432,কোটা কিনাবালু
1733782,লাবুয়ান
1734098,কেনিঙ্গাউ
1734599,কুয়ালা কাংসার
1734634,ইপোহ
1734705,কুয়ালা তেরেঙ্গানু
1734759,ম্যালাক্কা
1734810,সেরেম্বান
1735079,বুকিট মারতাজাম
1735086,নিবং তেবাল
1735106,জর্জ টাউন
1735161,কুয়ালালামপুর
1735227,কুয়ান্তান
1735634,কুচিং
1736278,কাঙ্গার
1736309,আলোর সেতার
1736376,কোটা ভারু
1736902,বেতং
1784658,জেংজ্যাও
1786657,ইনচুয়ান
1788852,জিনিং
1790630,জিয়ান
1791247,উহান
1792947,তিয়ানজিন
1793511,তাইয়ুয়ান
1795270,শিজিয়াঝুয়াং
1795565,শেনচেন
1796236,সাংঘাই
1799869,নানিং
1799962,নানজিং
1800163,নানছাং
1804430,লানঝাউ
1804651,কুনমিং
1805753,জিনান
1808722,হেফেই
1808926,হ্যাংঝাও
1809078,হাইকো
1809461,গুইয়াং
1809858,গুয়ংঝো
1810821,ফুঝাও
1814906,চংকিং
1815286,চেংদু
1815577,চাংশা
1816670,বেইজিং
1819729,হংকং
1820071,তুতং
1820491,কুয়ালা বেলাইট
1820906,বন্দর সেরি বেগাওয়ান
1821306,প্‌নম পেন
1821935,তা খমাউ
1821940,তাকেও
1821993,স্বে রিয়েং
1822019,সুওং
1822029,স্টুং ট্রেং
1822207,সিসোফন
1822214,সিয়েম রিপ
1822610,প্রে ভেং
1822768,পুরসাত
1825093,সামরাং
1830098,টেবেন্গ মেয়ানচে
1830205,পাইলিন
1830467,কেপ
1830468,কোহ কং
1830564,ক্রাতি
1831112,ক্যাম্পট
1831125,ক্যাম্পং টম
1831133,ক্যাম্পং স্পেউ
1831142,সিহানৌকভিল
1831167,ক্যাম্পং ছহনাং
1831173,ক্যাম্পং চাম
1831732,বানলুং
1831797,ব্যাটামবং
1833747,উলসান
1835235,ডেজিওন
1835329,ডেগু
1835553,সুওয়ন
1835848,সিউল
1838524,বুসান
1840982,মুয়ান
1841811,গোয়াংজু
1843564,ইনচিওন
1844174,হংসেওং
1845136,চুনচিওন
1845457,জিওনজু
1845604,চিওংজু-সি
1846266,জেজু শহর
1846326,চাংওয়ন
1846986,অ্যান্ডং
1849372,উজি
1850147,টোকিও
1853909,ওসাকা
1857910,কিয়োটো
1859171,কৌবে
1864134,ফুজি
1866923,ওনসান
1870883,সারিওন
1871859,পিয়ং ইয়াং
1871871,পিয়ংসং
1873757,নামপো
1876373,কায়সং
1877449,হামহুং
1877615,হাজু
1937274,লসপালোস
2013159,ইয়াকুটস্ক
2013348,ভ্লাদিভোস্টক
2014407,উলান-উদে
2022890,খাবারোভস্ক
2023469,ইরকুটস্ক
2025339,চিতা
2026609,ব্লাগোভেশচেনস্ক
2026643,বিরোবিদ্ধান
2028606,সেতসেরলেগ
2029156,সুখবাতার
2029656,উন্দুরখান
2029945,মোরন
2031405,এরডেনেট
2031517,জুনমড
2031964,দারহান
2032007,ডালানজাডগাড
2032054,চয়বালসান
2032081,সায়নশান্ড
2032201,বুলগান
2032533,বায়ানহঙ্গর
2032614,বারুন-উর্ট
2032814,আর্ভাইহিয়ার
2034937,শেনইয়াং
2036892,হোহহট
2037013,হারবিন
2038180,চাংচুন
2042645,রাজিন
2043572,কাঙ্গে
2043837,হিসান
2044757,চংজিন
2058430,হোয়াইয়ালা
2062338,রকিংহ্যাম
2063523,পার্থ
2065594,মাউন্ট আইসা
2067119,ম্যান্ডুরাহ
2070998,গেরাল্ডটন
2071059,গাওলার
2073124,ডারউইন
2075265,বাসেলটন
2075432,বানবারি
2077895,অ্যালিস স্প্রিংস
2077963,অ্যালবানি
2078025,অ্যাডিলেড
2083537,ওয়েওয়াক
2088163,পোপোন্ডেট্টা
2090409,মাউন্ট হেগেন
2090990,মেন্ডি
2091996,মাদাং
2092740,লাই
2093685,কোকোপো
2093967,কিম্বে
2096742,গোরোকা
2098329,দারু
2119441,ইউজনো-সাখালিনস্ক
2122104,পেট্রোপাভলোভস্ক-কামচাটস্কি
2123628,ম্যাগাডান
2127202,আনাদির
2143285,ওদোংগা
2144528,ওয়ারনামবুল
2144764,ওয়াংগারাত্তা
2146108,ত্রারাল্গন
2147381,তারী
2147497,ট্যামওয়ার্থ
2147714,সিডনি
2149645,শেপ্পার্টন
2151437,রোকাম্পটন
2154219,ওরেঞ্জ
2155472,নিউক্যাসল
2156643,মাউন্ট গাম্বিয়ার
2158177,মেলবোর্ন
2158562,মেরিবুরু
2159045,মেটলেন্ড
2159220,ম্যাকে
2159851,লিভারপুল
2160517,লঞ্চেস্টন
2163055,হরশাম
2163355,হোবার্ট
2164771,গ্রাফটন
2165478,গ্ল্যাডস্টোন
2168305,ডুব্য
2168943,ডেভনপোর্ট
2171085,কফস হারবার
2171507,উলংগং
2171845,সেচনক
2172517,ক্যানবেরা
2172797,কেয়ার্নস
2173125,বার্নি
2173911,ব্রোকেন হিল
2174003,ব্রিসবেন
2176187,বেন্ডিগো
2176632,ব্যাথার্স্ট
2177091,ব্যালারেট
2177671,আর্মিডেল
2179537,ওয়েলিংটন
2179670,ওয়েঙ্গানাই
2183472,রিচমন্ড
2184397,পরিরুয়া
2185018,পামার্সটন নর্থ
2186239,নিউ প্লিমাউথ
2186280,নেলসন
2186313,নেপিয়ার
2188164,লোয়ার হাট
2189529,ইনভারকার্গিল
2190324,হ্যামিলটন
2191562,ডানেডিন
2192362,ক্রাইস্টচার্চ
2193733,অকল্যান্ড
2198148,সুভা
2206854,গিসবর্ন
2208285,র‌্যান্ডউইক
2208330,হোয়াকাটান
2208425,জুওয়ারাহ
2210247,ত্রিপোলি
2210554,সিরটে
2212775,সাবহা
2214433,নালুত
2214603,মুরজুক
2214846,মিসরাতাহ
2216645,হুন
2217362,গারিয়ান
2218478,বার্ক
2218970,আজ জাউইয়াহ
2219235,উবারি
2219905,আল খুমস
2220139,আল আজিজিয়াহ
2224827,নগাউন্ডেরে
2228373,মারোয়া
2231320,গারোয়া
2232283,এবোলোয়া
2232593,ডুয়ালা
2233410,বুয়া
2234359,বার্তুয়া
2234974,বামেন্ডা
2235189,বাফৌসাম
2236568,উইগে
2239076,এনদালাতান্দো
2239520,এমবানজা কঙ্গো
2239862,মালাঞ্জে
2240449,লুয়ান্ডা
2242001,ক্যাক্সিটো
2243271,কাবিন্ডা
2243940,জিগিনচর
2244991,তাম্বাকুন্ডা
2245704,সেধিউ
2246452,সেন্ট-লুই
2246512,রোফিস্ক
2248752,মাতাম
2249222,লুগা
2249782,কোল্ডা
2250645,কেদুগু
2250805,কাওলাক
2251007,কাফ্রিন
2251911,ফাটিক
2252309,ডিউরবেল
2253354,ডাকার
2255285,সিবিটি
2255414,পোয়েন্ট-নোয়ার
2255542,ওয়ান্ডো
2255564,ওয়েসো
2258261,ডোলিসি
2259655,ইম্পফন্ডো
2260401,জাম্বালা
2262963,সেতুবাল
2263480,সান্তারেম
2264508,পোর্টালেগ্রে
2267057,লিসবন
2267095,লেইরিয়া
2267827,ফানশাল
2268339,ফারো
2268406,এভোরা
2269514,ক্যাস্টেলো ব্রাঙ্কো
2270985,বেজা
2272491,জ্বেড্রু
2273312,ভোইনজামা
2273435,টাবম্যানবার্গ
2274129,সান্নিকোয়েলি
2274895,মনরোভিয়া
2276086,কাকাতা
2276492,হার্পার
2276600,গ্রিনভিল
2277060,গ্বার্নগা
2278158,বুকানান
2282006,সান-পেড্রো
2283016,ওডিয়েন্ন
2284647,ম্যান
2286304,কোরহোগো
2288829,গাগনোয়া
2289983,ডিম্বোক্রো
2290486,দালোয়া
2290956,বুয়াকে
2291136,বন্ডৌকু
2293538,আবিজান
2293549,আবেনগুরু
2294700,টেমা
2304121,অ্যাশিয়ামান
2306104,আক্রা
2312895,এমবান্ডাকা
2313002,মাতাদি
2313762,লিবেঞ্জ
2314302,কিনশাসা
2314705,কিক্বিট
2315417,ইনোঙ্গো
2315728,গেমেনা
2316702,বোমা
2317285,বাসোাঙ্কুসু
2317397,বান্দুন্দু প্রদেশ
2318044,ইয়োলা
2318123,ইয়েনাগোয়া
2319480,উয়ো
2320576,উমুআহিয়া
2322911,সোকোটো
2324774,পোর্ট হারকোর্ট
2325330,ওয়েরি
2325590,ওসোগবো
2330100,মিন্না
2331140,মাকুর্দি
2331447,মাইডুগুরি
2331939,লোকোজা
2332459,লেগোস
2332515,লাফিয়া
2334802,কাতসিনা
2335204,কানো
2335727,কাডুনা
2335953,জস
2336589,জালিঙ্গো
2337639,ইলোরিন
2338313,ইকেজা
2339354,ইবাদান
2339937,গুসাউ
2340451,গোম্বে
2343279,এনুগু
2344245,দুত্সে
2345521,দামাতুরু
2346229,কালাবার
2347059,বিরনিন কেব্বি
2347283,বেনিন সিটি
2347470,বাউচি
2348773,আওকা
2349276,আসাবা
2350841,আকুরে
2352379,আডো-একিতি
2352778,আবুজা
2352947,আবেওকুটা
2353099,আবাকালিকি
2353197,জর্গো
2353257,জিনিয়ার
2353688,ইয়াকো
2354176,টৌগান
2354265,টোমা
2354349,টিটাও
2354675,টেনকোডোগো
2355404,সোলেনজো
2355869,সাপৌয়
2356228,রিও
2356454,পো
2357043,ওয়াহিগোয়া
2357163,নৌনা
2358100,ম্যাঙ্গা
2358382,লিও
2358738,কোপেলা
2358946,কুডুগু
2359142,কোঙ্গৌস্সী
2359227,কম্বিসিরি
2359608,কায়া
2360073,হৌন্দে
2360238,গৌর্সি
2360541,গায়েরি
2360886,ফাদা এনগোরমা
2361082,ডরি
2361177,জিবো
2361342,ডিবুগু
2361373,ডিয়াপাগা
2361477,ডেডুগু
2361586,দানো
2361845,বৌস্সে
2361946,বৌলসা
2362150,বরোমো
2362323,বোগান্ডে
2362344,বোবো-ডিয়োলাসো
2362669,বাটি
2362909,বানফোরা
2363534,সেভি
2364104,সোকোডে
2366152,কারা
2367164,দাপাওং
2367886,আটাকপামে
2374775,বিসাউ
2375558,জুয়েরাত
2376719,সেলিবাবি
2376898,রসো
2377450,নুওয়াকশুত
2377457,নুয়াধিবু
2377539,নেমা
2378538,কিফ্ফা
2378736,কায়েদি
2381291,আয়ুন এল আত্রুস
2381334,আতার
2381659,অ্যালেগ
2381690,আকজৌজত
2383119,সিবুত
2383523,পাউয়া
2383827,নোলা
2384770,এমবাইকি
2386012,কাগা-বান্ডোরো
2387495,কার্নট
2387546,বোজুম
2387926,বোয়ার
2388036,বোসাঙ্গোয়া
2388625,বোকারাঙ্গা
2388873,বিম্বো
2389086,বারবারাতি
2389691,বাতাঙ্গাফো
2392204,পারাকু
2392601,নাতিতিংগু
2392897,লোকোসা
2393693,কান্ডি
2394560,জুগু
2394711,দাসা-জুমে
2395568,অপ্লাহু
2395635,আল্লাদা
2395915,আবোমে
2403094,ওয়াটারলু
2404433,পোর্ট লোকো
2406407,মাকেনি
2407656,কইদুটাউন- সেফাদু
2407790,কেনেমা
2410048,বো
2425791,সার
2426240,পালা
2427336,মুসোরো
2427455,মুন্ডু
2427637,মঙ্গো
2427697,মইসালা
2428228,মাসাকোরি
2428394,মাও
2429296,লাই
2429605,কোমরা
2432678,ফায়া-লার্জু
2433437,ডোবা
2434910,বোঙ্গর
2434979,বোল
2436400,আতি
2437798,জিন্দার
2438678,টিল্লাবেরি
2439376,তাহোয়া
2440485,নিয়ামে
2441291,মারাদি
2445488,ডসো
2445704,ডিফ্ফা
2448085,আগাডেজ
2449067,টিম্বাক্টু
2451185,সিকাসো
2451478,সেগু
2453348,মপ্টি
2454530,কুলিকোরো
2455290,কিডাল
2455518,কায়েস
2457163,গাও
2461874,স্মারা
2464041,জাগুয়ান
2464648,তোজেউর
2464701,তাতাউইন
2464915,সুসা
2465030,সিলিয়ানা
2465840,সিদি বৌজিদ
2467454,স্ফাক্স
2468018,কেবিলি
2468353,গাফসা
2468369,গাবেস
2468579,নাবেল
2469274,মানোবা
2469473,মেডেনাইন
2470088,জেন্ডোউবা
2472479,বেন আরাউস
2472706,বিজার্তে
2472774,বেজা
2473247,আরিয়ানাহ
2473449,কায়রোয়ান
2473457,কাসেরিন
2473493,মোনাস্টির
2473572,মাহদিয়া
2473634,এল কেফ
2474141,বুমেরদাস
2475475,তৌগ্গৌর্ট
2475687,ত্লেমসেন
2475744,তিজি ওউজু
2475860,টিস্সেমসিল্ট
2476028,টিপাসা
2476301,টিন্ডৌফ
2476403,টিমিমৌন
2476897,টিয়ারেট
2477461,তেবেস্সা
2478216,তামাঙ্ঘাসেট
2479215,সৌক আহরাস
2479536,স্কিকদা
2481007,সিদী বেল আব্বেস
2481700,সেতিফ
2482572,সাইদা
2483668,রেলিজেন
2484620,ওম এল বুয়াগি
2484933,ওউলেদ জেলাল
2485801,ওয়ার্গলা
2485926,ওরান
2486690,এম'সিলা
2487134,মোস্তাগনেম
2487452,মিলা
2488835,মেডিয়া
2490098,মাস্কারা
2491191,লাগোয়াত
2491889,খেঞ্চেলা
2492913,জিজেল
2495662,গুয়েলমা
2496049,ঘর্দায়া
2497411,এল ওয়েড
2497655,এল মেঘায়ের
2498305,এল মেনিয়া
2498543,এল বায়াধ
2498611,ছলেফ
2500017,জেলফা
2501152,কনস্টান্টিন
2502958,বুইরা
2503701,বোর্জ বু আরেরিজ
2503769,ব্লিডা
2503826,বিসক্রা
2505329,বেজাইয়া
2505530,বেচার
2505572,বাতনা
2506999,আন্নাবা
2507480,আলজিয়ার্স
2507901,আইন তেমোচেন্ট
2508228,আইন ডেফলা
2508813,আদ্রার
2511174,সান্টা ক্রুজ দে তেনেরিফে
2517117,গ্রানাডা
2530335,তাঞ্জিয়ার
2538475,রাবাত
2540483,উজদা
2542997,মারাকেশ
2544571,কেনিত্রা
2548526,গুয়েলমিম
2548885,ফেস
2553604,কাসাব্লাংকা
2555745,বেনি মেলাল
2561668,আগাদির
2562266,জাব্বার
2562305,ভাল্লেত্তা
2562501,স্লিয়েমা
2562541,সান পল ইল-বাহার
2562629,কর্মী
2562704,মোস্টা
2563191,বিরকিরকারা
2596934,সেগুয়েলা
2610319,ভিবোর্গ
2610613,ভেজলে
2618425,কোপেনহাগেন
2620320,হিলেরোড
2624886,আলবর্গ
2634491,ওয়েস্ট ব্রোমিচ
2636486,সাটন কোল্ডফিল্ড
2636940,স্টিভেনেজ
2638664,সল্‌স্‌বারি
2638867,সেন্ট আলব্ন্স
2639323,রিপন
2639926,প্রেস্টাটিন
2639996,পোর্টস্‌মাথ
2640054,পোর্টকাল
2640190,পলিমস্টক ড্যানস্টোন
2640349,পিটারলি
2640729,অক্সফোর্ড
2641673,নিউক্যাসল আপন ট্যাইন
2643123,ম্যানচেস্টার
2643743,লন্ডন
2644487,লিঙ্কোন
2644531,লিচফিল্ড
2646042,ইর্লাম
2646976,হাইবারি
2647349,হ্যাটফিল্ড
2647461,হারলো
2647937,গ্রিনিচ
2648579,গ্লাসগো
2650225,এডিনবরা
2651347,ডার্বি
2651654,কামব্রান সেন্ট্রাল
2652618,কোলচেস্টার
2653261,চেলটেনহ্যাম
2653822,কার্ডিফ
2653941,ক্যামব্রিজ
2654710,ব্রাইটন
2655095,বোর্ন্‌মাথ
2655459,ব্ল্যাকপুল
2655984,বেলফাস্ট
2656192,বাসিংস্টোক
2657345,আমানফোর্ড
2657832,অ্যাবরদিন
2657896,জুরিখ
2657908,জুগ
2658564,সলোথার্ন
2658576,সিয়ন
2658665,শ্বাইজ
2658761,শাফহাউসেন
2658822,সেন্ট গ্যালেন
2659496,নিউশেটেল
2659811,লুসার্ন
2659994,লজান
2660365,হেরিসাউ
2660646,জেনেভা
2660718,ফ্রিবর্গ
2660727,ফ্রাউয়েনফেল্ড
2661169,চুর
2661552,বের্ন
2661567,বেলিনজোনা
2661604,বাজেল
2661881,আরাউ
2662689,ভিসবি
2663536,ভেক্সজো
2664454,ভেস্টেরাস
2666199,উপসালা
2673730,স্টকহোম
2685750,অস্টারসান্ড
2686657,ওরেব্রো
2687700,নিকোপিং
2692969,ম্যালমো
2694762,লিঙ্কোপিং
2701680,কার্লস্টাড
2701713,কার্লস্ক্রোনা
2702261,কালমার
2702979,জনকোপিং
2707684,হার্নোসান্ড
2708365,হালমস্টাড
2711537,গেটেবার্গ
2712414,গাভলে
2715459,ফালুন
2732265,ভিসিউ
2732438,ভিলা রিয়াল
2732773,ভিয়ানা দো কাস্টেলো
2735943,পোর্তো
2738785,গুয়ার্দা
2740637,কোইম্ব্রা
2742027,ব্রাগানসা
2742032,ব্রাগা
2742611,এভেইরো
2743477,জভোল
2745912,উট্রেখট
2747351,হার্টোজেনবোশ
2750896,মিডেলবার্গ
2751283,মাস্ট্রিখট
2751738,লেলিস্টাড
2751773,লাইডেন
2751792,লিউওয়ার্ডেন
2755003,হার্লেম
2755251,গ্রোনিংগেন
2758401,ব্রেডা
2759633,আসেন
2759661,আর্নহেম
2759794,আমস্টারডাম
2761524,ওয়েলস
2762372,ভিলাচ
2766429,সাংকট পোল্টেন
2766824,সলজবুর্গ
2772400,লিনজ
2774326,ক্লাগেনফুর্ট আম ওয়ার্থার্সি
2775220,ইন্সব্রুক
2778067,গ্রাজ
2779674,ফেল্ডকার্চ
2781503,ব্রেগেঞ্জ
2781680,ব্লুডেঞ্জ
2783985,ওয়াটারলু
2790471,নামুর
2797656,জেন্ট
2800866,ব্রাসেলস
2809346,ভিসবাডেন
2818067,উটার্সেন
2820256,উল্‌ম
2825297,স্টুটগার্ট
2834282,শ্বেরিন
2842647,সারব্রুকেন
2852458,পটসডাম
2867714,মিউনিখ
2874225,মাইন্টজ
2874545,ম্যাগডেবার্গ
2877550,লিনডাউ
2879139,লাইপ্‌ৎসিশ
2884161,ক্রয়েৎসবের্গ
2891122,কিল
2910831,হানোফার
2911298,হ্যাম্বার্গ
2925533,ফ্র্যাংকফার্ট
2926271,ফ্লেন্সবুর্গ
2928810,এসেন
2929670,এরফার্ট
2934246,ডুসেলডরফ
2935022,ড্রেসডেন
2938540,ডেগেনডর্ফ
2944388,ব্রেমেন
2950159,বার্লিন
2954172,আউগ্‌সবুর্গ
2960316,লুক্সেমবুর্গ
2964574,ডাবলিন
2988507,প্যারিস
2990440,নিস
3003603,ল্য মঁস
3006787,লা রোচ্যাল
3014728,গ্রনোবল
3040051,এসকালডেস-এনগোর্ডানি
3054643,বুদাপেস্ট
3056508,জিলিনা
3057124,ত্রনাভা
3057140,ট্রেনচিন
3058531,নিত্রা
3060972,ব্রাতিস্লাভা
3061186,বানস্কা বিস্ত্রিচা
3061370,জ্লিন
3063548,উস্তী নাদ লাবেম
3067696,প্রাগ
3068160,পিলসেন
3068582,পার্ডুবিস
3068799,ওস্ট্রাভা
3069011,ওলোমোউক
3071961,লিবারেক
3073803,কার্লভি ভেরি
3074199,জিহলাভা
3074967,হ্রাডেক ক্রালোভে
3077916,সেস্কে বুডেজোভিস
3078610,ব্রনো
3080165,জিয়েলোনা গোরা
3081368,ভ্রোকলাভ
3083829,শ্চেচিন
3088171,পজনান
3090048,ওপোল
3093133,লজ
3094802,ক্রাকো
3096472,কাটোভিসে
3098722,গোরজো ভিয়েলকোপলস্কি
3099434,গদানস্ক
3102014,বিডগোশচ
3104342,থামোরা
3117735,মাদ্রিদ
3128760,বার্সেলোনা
3133895,ট্রমসো
3134331,টোনসবার্গ
3137115,স্টাভাঞ্জার
3139075,স্কিয়েন
3140084,সার্পসবার্গ
3143244,অজলো
3145580,মোল্ডে
3147474,লিল্লেহ্যামার
3149318,ক্রিস্টিয়ানসান্ড
3154084,হামার
3159016,ড্রামেন
3160881,বোডো
3161732,বার্গেন
3162955,আরেন্ডাল
3165185,ত্রিয়েস্তে
3165524,তুরিন
3169070,রোম
3172394,নেপলস
3173435,মিলান
3176959,ফ্লোরেন্স
3182351,বারি
3183719,ভ্লোরে
3183875,তিরানা
3184081,শকোডার
3184497,পেকিন
3184862,লুশনজা
3184935,লেঝে
3185060,কুচোভা
3185082,ক্রুয়া
3185211,কাভাজা
3185672,ফিয়ার
3185728,ডুরেস
3186084,বেরাত
3186573,জেনিকা
3186886,জাগরেব
3188582,তুজলা
3188893,ট্রেবিনজে
3188915,ট্রবোভলজে
3188924,ট্রাভনিক
3189075,ভেলেনজে
3191281,সারায়েভো
3192241,প্টুজ
3192409,প্রিজেডর
3194351,নোভো মেস্তো
3194828,মোস্তার
3195506,মারিবোর
3196359,লিউব্লিয়ানা
3197378,ক্রঞ্জ
3197753,কোপার
3200396,গোরাজ্ডে
3201984,ডোবোজ
3202641,সেটিঞ্জে
3202781,সেলজে
3203106,বুদভা
3203521,ব্রচকো
3204176,বিজেলো পোলজে
3204186,বিজেলজিনা
3204222,বিহাক
3204509,বার
3204541,বান্যা লুকা
3345283,টনিপান্ডি
3346015,সুম্বে
3346821,ওন্ডজিভা
3347019,মোসামেদেস
3347353,মেনোঙ্গু
3347719,লুয়েনা
3347762,লুবাঙ্গো
3347939,লবিতো
3348078,কুইটো
3348313,হুয়াম্বো
3351663,বেঙ্গুয়েলা
3352844,সোকপমুন্ড
3353383,রুন্ডু
3353811,ওটজিওয়ারোঙ্গো
3354021,ওশাকাটি
3356264,কিটম্যানশূপ
3357247,গোবাবিস
3369157,কেপ টাউন
3374462,মিন্ডেলো
3374888,আসোমাডা
3383714,লেলিডর্প
3386496,টেরেসিনা
3388368,সাও লুইস
3390760,হেসিফি
3394023,নাটাল
3395981,ম্যাসিও
3396016,ম্যাকাপা
3397277,জোয়াও পেসোয়া
3399415,ফর্তালিজা
3405870,বেলেঁ
3413829,রেইকিয়াভিক
3421319,নুক
3427213,জারাতে
3427428,ভিলাগুয়ে
3427833,তান্ডিল
3428067,সান ভিসেন্টে
3428071,সান্টো টোমে
3428576,সান পেড্রো
3428577,সান পেড্রো
3428609,সান মিগুয়েল ডেল মন্টে
3428708,সান লুইস ডেল পালমার
3428775,সান জুস্তো
3428975,সান জেভিয়ার
3428992,সান ইসিড্রো
3429248,সান আন্তোনিও ডে আরেকো
3429399,সালাডিলো
3429403,সালাদাস
3429577,রেজিস্টেনসিয়া
3429594,রিকনকোয়েস্টা
3429652,কুইলমেস
3429732,পুয়ের্তো রিকো
3429786,পুয়ের্তো এসপেরানজা
3429886,পসাদাস
3429949,পিরানে
3429971,পিনামার
3429980,পিলার
3430104,পাসো ডি লস লিব্রেস
3430340,ওবেরা
3430415,নোগোয়া
3430443,নেকোচেয়া
3430457,নাভারো
3430545,মোরোন
3430598,মন্টে কাসেরোস
3430601,মন্টেকার্লো
3430668,মিরামার
3430697,মেরলো
3430708,মার্সিডিজ
3430709,মার্সিডিজ
3430861,মার ডেল তুইউ
3430863,মার ডেল প্লাটা
3430957,ম্যাগডালেনা
3430988,লুজান
3431271,লোমাস ডে জামোরা
3431313,লোবোস
3431391,লিয়েন্দ্রো এন. আলেম
3431788,লাস ফ্লোরেস
3432043,লা প্লাতা
3432079,লা পাজ
3432135,লানুস
3433360,ইটুজাইংগো
3433424,ইসিদ্র কাসানোভা
3433522,হার্লিংহ্যাম
3433658,গুয়ালেগুয়াইচু
3433663,গুয়ালেগাই
3433715,গয়া
3433801,জেনারেল জুয়ান মাদারিয়াগা
3433803,জেনারেল জোসে ডে সান মার্টিন
3433817,জেনারেল বেলগ্রানো
3433899,ফরমোসা
3433956,ফেডারেল
3433975,এজেইজা
3434095,এসকুইনা
3434141,এনসেনাডা
3434291,এল সোবারবিও
3434674,এলডোরাডো
3435038,ডোলোরেস
3435103,কুরুজু কুয়াতিয়া
3435217,কোরিয়েন্টেস
3435261,কনকর্ডিয়া
3435264,কনসেপশন দেল উরুগুয়ে
3435352,কলন
3435448,চ্যাস্কোমাস
3435607,ক্যাস্টেলা
3435644,কার্মেন দে আরেকো
3435713,ক্যানুয়েলাস
3435810,ক্যাম্পানা
3435910,বুয়েনোস আইরেস
3435963,কর্নেল ব্র্যান্ডসেন
3436040,বেরিসো
3436043,বার্মোজাতেগুই
3436047,বেনিটো জুয়ারেজ
3436150,বারাডেরো
3436177,বালকার্স
3436199,আজুল
3436221,আয়াকুচো
3436714,ভিলাররিকা
3436725,ভিলা হেয়েস
3437063,সান জুয়ান বাউতিস্তা
3437526,পিলার
3437547,পেড্রো জুয়ান কাবালেরো
3438735,এনকারনেশন
3438819,কোরোনেল ওভিয়েডো
3438834,কনসেপসিয়ন
3439101,সিউদাদ ডেল এস্টে
3439297,কাআজাপা
3439320,কাকুপে
3439525,ইয়ং
3439748,ট্রিনিডাড
3439781,ট্রেইন্টা ই ট্রেস
3440034,তাকুয়ারেম্বো
3440571,সান্তা লুসিয়া
3440639,সান হোসে দে মায়ো
3440696,সান কার্লোস
3440714,সালতো
3440777,রোচা
3440781,রিবেরা
3440963,প্রোগ্রেসো
3441243,পায়সান্দু
3441354,পান্ডো
3441575,মোন্তেবিদেও
3441665,মিনাস
3441684,মের্সেদেস
3441702,মেলো
3441894,মালডোনাডো
3442057,লাস পিয়েদ্রাস
3442098,লা পাজ
3442568,ফ্রে বেন্টোস
3442585,ফ্লোরিডা
3442727,দুরাজনো
3442750,ডলোরেস
3443013,কোলোনিয়া দেল সাক্রামেন্তো
3443341,কারমেলো
3443413,ক্যানেলোনেস
3443758,আর্টিগাস
3444924,ভিটোরিয়া
3448439,সাঁউ পাউলু
3450554,সালভাদোর
3451190,রিও দি জেনেরিও
3452925,পোর্তো আলেগ্রে
3462377,গয়ানিয়া
3463237,ফ্লোরিয়ানোপোলিস
3464975,কুরিতিবা
3465038,কুইয়াবা
3466779,র‌্যাটল সাপ
3467747,ক্যাম্পো গ্রান্ডে
3469058,ব্রাসিলিয়া
3470127,বেলো হোরাইজন্ট
3471872,অ্যারাকাজু
3474574,পালমাস
3480908,লা আসুনসিয়ন
3492914,সান্টিয়াগো ডে লস কাবালেরোস
3492984,সান্তা ক্রুজ ডে এল সেইবো
3492985,সান্তা ক্রুজ ডে বারাহোনা
3493032,সান পেড্রো ডে মাকোরিস
3493081,সান জুয়ান ডে লা মাগুয়ানা
3493100,সান জোসে ডে ওকোয়া
3493146,সান ফ্রান্সিসকো ডে মাকোরিস
3493174,সান ফার্নান্দো ডে মোন্তে ক্রিস্টি
3493175,পুয়ের্তো প্লাতা
3493240,সালভালিওন ডে হিগুয়ে
3493283,সালসেডো
3493383,সান ইগনাসিও ডে সাবানেতা
3495857,নেইবা
3496021,নাগুয়া
3496134,মোন্তে প্লাতা
3496331,মোকা
3496831,মাও
3500957,লা রোমানা
3504765,হাতো মেয়র ডেল রে
3508952,দাজাবন
3509207,কোটুই
3509382,লা ভেগা
3511233,বোনাও
3511540,সান ক্রিস্টোবাল
3512067,বানি
3512208,আজুয়া
3514670,ভিলাহার্মোসা
3514876,বাইয়াদোলিদ
3515001,টাক্সটলা
3515302,টোলুকা
3518135,সান পাবলো দে লাস সালিনাস
3521081,পুয়েবলা
3521342,প্যালায়া ডেল কামেন
3522210,পাচুকা দে সোতো
3522507,ওয়াক্সাকা
3522924,মোটুল
3523349,মেরিডা
3524348,লিনারেস
3526617,জালাপা দে এনরিকেজ
3529947,কুয়ের্নাভাকা
3530580,সিউদাদ ভিক্তোরিয়া
3530597,মেক্সিকো
3530870,চিলপানসিঙ্গো
3531023,চেতুমাল
3531732,ক্যাম্পেচে
3536729,সান্টিয়াগো ডে কিউবা
3537906,সান্তা ক্লারা
3539560,সান জোসে দে লাস লাহাস
3540667,সাংক্টি স্পিরিটাস
3544091,পিনার ডেল রিও
3545867,নুয়েভা জেরোনা
3547398,ম্যাটানজাস
3550598,লাস তুনাস
3553478,হাভানা
3556969,হলগুইন
3557689,গুয়ান্তানামো
3564124,সিয়েনফুয়েগোস
3564178,সিয়েগো ডে এভিলা
3566067,ক্যামাগুয়ে
3567597,বায়ামো
3568312,আর্টেমিসা
3571824,নাসাউ
3572375,ফ্রিপোর্ট
3573576,তুনাপুনা
3573703,স্কারবারো
3573732,সাঙ্গ্রে গ্রান্ডে
3573738,সান ফার্নান্ডো
3573840,রিও ক্লারো
3573890,পোর্ট অব স্পেন
3573899,পয়েন্ট ফর্টিন
3574309,লাভেন্টিল
3574636,ডিয়েগো মার্টিন
3574810,চাগুয়ানাস
3575051,আরিমা
3576686,গ্রস ইসলেট
3580477,ওয়েস্ট বে
3581514,অরেঞ্জ ওয়াক
3582677,বেলিজ সিটি
3582805,জাকাটেকোলুকা
3582883,উসুলুতান
3583102,সনসোনাত
3583158,সেনসুন্তেপেক
3583178,সান ভিসেন্তে
3583334,সান্তা আনা
3583446,সান মিগুয়েল
3583747,সান ফ্রান্সিস্কো
3584257,সান্তা টেকলা
3584772,লা ইউনিয়ন
3586977,কোজুতেপেক
3587091,চালাতেনাঙ্গো
3587426,আহুয়াচাপান
3595725,ফ্লোরেস
3600949,তেগুসিগালপা
3616232,সোমোটো
3617052,রিভাস
3617154,পুয়ের্তো কাবেজাস
3617448,ওকোটাল
3617708,ম্যাটাগালপা
3617723,মাসায়া
3618030,লিওন
3618908,জুইগালপা
3618926,জিনোটেপে
3618929,জিনোটেগা
3619136,গ্রানাডা
3619194,এস্টেলি
3620381,চিনান্দেগা
3620674,বোয়াকো
3620680,ব্লুফিল্ডস
3621849,স্যান হোসে
3622228,পুন্তারেনাস
3622247,লিমন
3623076,লাইবেরিয়া
3623486,হেরেডিয়া
3624370,কার্টাগো
3624955,অলাহুয়েলা
3625549,ভ্যালেন্সিয়া
3625929,টুকুপিটা
3625979,ট্রুজিলো
3628053,সান জুয়ান ডি লস মোরোস
3628423,সান ফেলিপে
3628473,সান ক্রিস্টোবাল
3628503,সান কার্লোস
3629710,পুয়ের্তো আয়াকুচো
3632308,মেরিডা
3632998,মারাকাই
3633009,মারাকাইবো
3633622,লস টেকেস
3637721,লা গুয়াইরা
3640226,গুয়ানারে
3644768,কুমানা
3645213,কোরো
3645532,সিউদাদ বলিভার
3646738,কারাকাস
3648522,বার্কিসিমেটো
3648546,বারিনা
3648559,বার্সেলোনা
3649959,জামোরা
3650472,তুলকান
3650721,তেনা
3651297,সান্তো ডোমিঙ্গো দে লস কোলোরাডোস
3651356,সান্তা রোসা
3651438,সান্তা এলেনা
3652350,রিওবাম্বা
3652584,পুয়ো
3652743,পুয়ের্তো ফ্রান্সিসকো দে ওরেলানা
3652941,পোর্তোভিয়েজো
3654215,মিলাগ্রো
3654533,মাচালা
3654541,মাকাস
3654667,লোজা
3654870,লাতাকুঙ্গা
3655185,নুয়েভা লোজা
3655673,ইবারা
3662574,রিও ব্র্যাংকো
3662762,পোর্তো ভেল্হো
3663517,মানাউস
3664980,বোয়া ভিস্তা
3665688,ইউপাল
3665900,ভিল্লাভিসেনসিও
3666304,ভ্যালেদুপার
3666608,তুনজা
3667983,সিনসেলেজো
3668605,সান্তা মার্তা
3670218,সান আন্দ্রেস
3670745,রিওহাচা
3671116,কুইবদো
3671519,পুয়ের্তো ক্যারেনো
3671916,পপায়ান
3672486,পেরেইরা
3672778,পাস্তো
3673899,নেইভা
3674453,মন্টেরিয়া
3674654,মোকোয়া
3674676,মিটু
3674962,মেদেয়িন
3675443,মানিজালেস
3676623,লেটিশিয়া
3680656,ইবাগু
3682426,ফ্লোরেনশিয়া
3685533,কুকুটা
3687238,কার্তাহেনা
3687925,কালি
3688465,বুকারামাঙ্গা
3688689,বোগোতা
3689147,বারানকুইলা
3689560,আর্মেনিয়া
3689718,আরাউকা
3691148,তুম্বেস
3691175,ত্রুজিলো
3693345,পুকাল্পা
3693528,পিউরা
3694564,মোয়োবাম্বা
3696183,ইকিটোস
3696378,হুয়ারাজ
3696417,হুয়ানুকো
3698350,চিক্লায়ো
3698540,চাচাপোয়াস
3699088,কাজামার্কা
3701117,সান্টিয়াগো ডে ভেরাগুয়াস
3703068,পেনোনোমে
3707961,লা চোরেরা
3711668,ডেভিড
3712076,কোলন
3718426,পোর্ট-অ-প্রিন্স
3778045,ম্যাতুরিন
3805673,সান ফার্নান্দো ডি অ্যাপুয়ার
3815415,তলাক্সকালা
3818742,সান আন্দ্রেস চোলুলা
3828545,সান হোসে দেল গুয়াভিয়ার
3832132,জাপালা
3832260,ইয়ারবা বুয়েনা
3832694,ভিলা মারিয়া
3832765,ভিলা ডেল রোসারিও
3832778,ভিলা কনস্টিটিউসিয়ন
3832811,ভিলা এঞ্জেলা
3832899,ভিয়েডমা
3833027,ভেরা
3833112,ভেইন্টিসিংকো ডি মায়ো
3833367,উসুয়াইয়া
3833512,টুপুঙ্গাটো
3833520,টুনুয়ান
3833794,ট্রেস ইসলেটাস
3833859,ট্রেস অ্যারয়োস
3833875,ট্রেনকে লাউকুয়েন
3834048,টোস্টাডো
3834310,টোআই
3834502,টেরমাস ডে রিও হন্ডো
3834601,তারতাগাল
3834813,তাফি ভিয়েজো
3835869,সান্টিয়াগো ডেল এস্টেরো
3835994,সান্তা রোজা
3836142,সান্তা মারিয়া
3836194,সান্তা লুসিয়া
3836277,সান্তা ফে
3836564,সান সালভেডোর ডি জুজুয়ে
3836669,সান রাফায়েল
3836772,সান পেড্রো ডে জুজুই
3836846,সান নিকোলাস ডে লস অ্যারয়োস
3836873,সান মিগুয়েল ডি তুকুমান
3836992,সান মার্টিন
3836993,ভিলা জেনারেল সান মার্টিন
3837056,সান লুইস
3837124,সান জুস্তো
3837213,সান জুয়ান
3837506,সান ইসিড্রো
3837675,সান ফ্রান্সিসকো
3837702,ক্যাটামার্কা
3837855,সান কার্লোস ডে বলিভার
3837980,সান আন্তোনিও ওয়েস্তে
3838227,সালতো
3838233,সালটা
3838561,রোসারিও ডে লার্মা
3838564,রোসারিও ডে লা ফ্রন্টেরা
3838583,রোসারিও
3838650,রোজাস
3838759,রিভাডাভিয়া
3838854,রিও গ্রান্ডে
3838859,রিও গ্যালেগোস
3838874,রিও কোয়ার্টো
3838879,রিও কোলোরাডো
3839307,রসন
3839444,রামাল্লো
3839479,রাফেলা
3839490,কুইটিলিপি
3839982,পুন্তা আল্তা
3840092,পুয়ের্তো মাড্রিন
3840104,পুয়ের্তো ডেসেআডো
3840300,প্রেসিডেনশিয়া রোক সাইনজ পেনা
3841159,পিগুই
3841490,পেরগামিনো
3841679,পেহুয়াজো
3841956,পারানা
3842190,পালপালা
3842670,ওলাভর্রিয়া
3842881,নুয়েভে ডে জুলিও
3843123,নিউকুয়েন
3843803,মন্টেরোস
3844298,সান হোসে দে মেতান
3844421,মেন্ডোজা
3844899,মার্কোস জুয়ারেজ
3845181,মালারগুয়ে
3845330,মাচাগাই
3846864,লিংকন
3846915,লিবার্টাডর জেনারাল সান মার্টিন
3848687,লাস ব্রেনাস
3848950,লা রিওজা
3852468,লাবুলাই
3853354,জুনিন
3853510,জেসাস মারিয়া
3855041,জেনারেল ভিলেগাস
3855043,লস টোল্ডোস
3855074,জেনারেল পিনেডো
3855075,জেনারেল পিকো
3855090,জেনারেল গুয়েমেস
3855139,জেনারেল আলভিয়ার
3855143,জেনারেল আচা
3855666,ফামাইলা
3856022,এসপেরানজা
3859384,ডায়ামান্তে
3859512,ডিন ফিউনেস
3859828,ক্রুজ ডেল এজ
3859965,কসকুইন
3860164,কর্নেল সুয়ারেজ
3860174,কর্নেল প্রিংগলেস
3860217,কোরোন্ডা
3860259,কর্ডোবা
3860443,কোমোডোরো রিভাডাভিয়া
3860828,কোলোন
3861344,চিভিলকয়
3861416,চিম্বাস
3861445,চিলেসিটো
3861678,চারাতা
3861953,চাকাবুকো
3862086,সেরিলোস
3862240,কসেটে
3862320,জুয়ান জোসে কাস্তেলি
3862351,কাসিল্ডা
3862583,কার্মেন ডে প্যাটাগোনেস
3862607,কার্লোস কাসারেস
3862981,কানাডা দে গমেজ
3863882,ব্রাগাডো
3864331,বেল ভিল
3864375,বেলা ভিস্তা
3864430,বেলেন
3865086,বাহিয়া ব্লাঙ্কা
3865436,আরেসিফেস
3865840,এনাতুয়া
3866163,আল্টা গ্রেসিয়া
3866465,আইমোগাস্তা
3866496,আগুইলারেস
3867291,ফিলাডেলফিয়া
3868626,ভালপারাইসো
3868707,ভালডিভিয়া
3870011,তেমুকো
3870294,তালকা
3871336,সান্টিয়াগো
3873775,রানকাগুয়া
3874787,পুন্তা আরেনাস
3874958,পোয়ের্তো নাটালেস
3874960,পুয়েরতো মন্ট
3884373,লা সেরেনা
3887127,ইকিকে
3893656,কোপিয়াপো
3893894,কনসেপসিয়ন
3894426,কয়হাইক
3895088,চিলান
3899361,আরিকা
3899539,আন্তোফাগাস্তা
3901435,ভিন্তু
3902202,টুপিজা
3902377,ট্রিনিডাড
3903320,তারিজা
3904906,সান্তা ক্রুজ দে লা সিয়েরা
3906194,সাকাবা
3906791,কিউল্লাকলো
3907080,পোনাটা
3907584,পটোসি
3909234,ওরুরো
3911925,লা পাজ
3915350,গোয়ারামেরিন
3919902,কলকাপিহোয়া
3919968,কোচাবাম্বা
3919998,কোবিজা
3928128,ট্যাকনা
3931276,পুনো
3931470,পুয়ের্তো মালদোনাদো
3934608,মোকেগুয়া
3936456,লিমা
3938527,ইকা
3939459,হুয়ান্কায়ো
3939470,হুয়ানকাভেলিকা
3940002,হুয়াচো
3941584,কোস্কো
3944797,সেরো ডি পাস্কো
3946083,ক্যালাও
3947019,আয়াকুচো
3947322,আরেকিপা
3948642,আবানকাই
3979844,জাকাটেকাস
3981941,টেপিক
3985606,সান লুইস পটোসি
3985710,কাবু সান লুকাস
3987224,সান ফেলিপে
3988086,সালটিলো
3991164,সান্তিয়াগো দে কেরেটারো
3991328,পুয়ের্তো বাইয়ার্তা
3994616,নুয়েবো কাসাস গ্রান্দেস
3994667,নুয়েবা রোসিতা
3995402,মোরেলিয়া
3995465,মন্টেরে
3996069,মেক্সিকালি
4000900,লা পাজ
4002745,লা ক্রুস
4004898,হারমোসিলো
4005270,গুয়ানাহুয়াতো
4005539,গুয়াডালাহারা
4012176,কুলিয়াকান
4013516,কোলিমা
4013720,ডেলিসিয়া
4014338,চিহুয়াহুয়া
4019233,আগুয়াসক্যালিয়েন্তেস
4076784,মন্টগোমেরি
4119403,লিটল রক
4142290,ডোভার
4148757,ব্রেন্ডন
4160021,জ্যাক্সনভিল
4161438,লেকল্যান্ড
4161580,লারগো
4164138,মায়ামি
4169014,পম্পানো বিচ
4172434,সেমিনোল
4174715,টালাহাসি
4180439,আটলান্টা
4180531,অগাস্টা
4235193,কার্বনডেল
4236895,ডিকাটুর
4245926,ও'ফ্যালন
4250542,স্প্রিংফিল্ড
4254679,ব্লুমিংটন
4259418,ইন্ডিয়ানাপোলিস
4280539,টোপেকা
4292188,ফ্র্যাংকফোর্ট
4299276,লুভল
4315588,ব্যাটন রুজ
4335045,নিউ অরলিন্স
4347242,অ্যানাপোলিস
4347778,বাল্টিমোর
4348599,বেথেসডা
4391812,ইন্ডিপেন্ডেন্স
4392388,জেফারসন সিটি
4392768,জপলিন
4393217,কানসাস সিটি
4431410,জ্যাকসন
4458228,বার্লিংটন
4460243,শার্লট
4487042,র‌্যালি
4509177,কলম্বাস
4544349,ওকলাহোমা সিটি
4560349,ফিলাডেলফিয়া
4562506,আগুয়াডিলা
4562635,আরেসিবো
4562768,বার্সেলোনেটা
4562831,বায়ামন
4563008,কাগুয়াস
4563243,ক্যারোলিনা
4563298,ক্যাটানো
4563308,কায়ে
4564946,ফাজার্দো
4565105,গুয়ায়ামা
4565119,গুয়াইনাবো
4565564,হুমাকাও
4566137,মানাতি
4566385,মায়াগুয়েজ
4566880,পন্স
4568451,ত্রুজিলো আলতো
4568533,ভেগা বাজা
4568917,ইয়াউকো
4575352,কলাম্বিয়া
4641239,মেম্ফিস
4644585,ন্যাশভিল
4671240,আর্লিংটন
4671654,অস্টিন
4684888,ডালাস
4685907,ডেন্টন
4686593,ডোনা
4691930,ফোর্ট ওয়ার্থ
4693003,গারল্যান্ড
4699066,হিউস্টন
4700168,আরভিং
4720131,পোর্টল্যান্ড
4724129,রাউন্ড রক
4726206,স্যান অ্যান্টোনিও
4726440,সান হুয়ান
4740629,ওয়েজলাকু
4744091,অ্যালেক্সান্ড্রিয়া
4781708,রিচমন্ড
4782864,রোজ হিল
4791259,ভার্জিনিয়া বিচ
4796512,সেন্ট ক্রয়
4801859,চার্লস্টন
4835797,হার্টফোর্ড
4839366,নিউ হ্যাভেন
4853828,ডেস মোইনেস
4885164,ব্লুমিংটন
4887158,শ্যাম্পেইন
4887398,শিকাগো
4889426,ড্যানভিল
4890864,এলজিন
4891382,এভানসটন
4898182,ক্যানকাকি
4907959,রকফোর্ড
4911863,দক্ষিণ শিকাগো
4914570,আর্বানা
4915545,ওয়াশিংটন
4919857,পূর্ব শিকাগো
4923531,মিশিগান সিটি
4930956,বস্টন
4931429,ব্রকটন
4931972,কেমব্রিজ
4941720,লরেন্স
4942618,লোয়েল
4945283,নিউটন
4950065,সেলাম
4957003,অগাস্টা
4975802,পোর্টল্যান্ড
4990729,ডেট্রয়েট
4995197,হেমট্রামিক
4998830,ল্যান্সিং
5014051,ওয়ারেন
5037649,মিনিয়াপোলিস
5045360,সেন্ট পল
5062458,ওয়েস্ট ফারগো
5072006,লিংকন
5074472,ওমাহা
5084868,কনকর্ড
5089178,ম্যানচেস্টার
5105496,ট্রেন্টন
5106834,অ্যালবানি
5107464,অ্যাস্টোরিয়া
5110302,ব্রুকলিন
5122432,ইথাকা
5128581,নিউ ইয়র্ক সিটি
5134086,রচেস্টার
5150529,ক্লেভিল্যান্ড
5178195,আল্টুনা
5180225,বেথলেহেম
5192726,হ্যারিসবার্গ
5193011,হ্যাজল্টন
5219488,উইলকস বারি
5221931,ইস্ট প্রোভাইডেন্স
5223593,নিউপোর্ট
5223869,পূটাকেট
5224151,প্রভিডেন্স
5225809,উনসকেট
5261457,ম্যাডিসন
5263045,মিলওয়াকি
5281551,আনসোনিয়া
5287262,বুুকেয়ে
5289282,চ্যান্ডলার
5293996,এল মিরেজ
5304391,মেসা
5308480,পেওরিয়া
5308655,ফিনিক্স
5318313,টুসান
5324200,অ্যান্তিও
5324477,আর্কেডিয়া
5325423,আজোসা
5327684,বার্কলে
5328041,বেভারলি হিলস
5333689,ক্যাম্পবেল
5336537,চিনো
5339066,কম্পটন
5339631,করোণা
5343858,ডাউনি
5345529,এল কাজন
5345743,এল মন্তে
5345860,এল সেগুনডো
5346827,এস্কনডিডো
5350159,ফোস্টার শহর
5350207,ফাউন্টেইন ভ্যালী
5350734,ফ্রিমন্ট
5350937,ফ্রেসনো
5351549,গার্ডেনা
5355828,হোতুন
5355933,হেওয়ার্ড
5357527,হলিউড
5359488,ইঙ্গেলউড
5363922,লা হারভা
5367788,লম্পল
5367929,লং বিচ
5368361,লস অ্যাঞ্জেলেস
5370082,ম্যানহাটন বিচ
5372223,মেনলো পার্ক
5374175,মনরুভিয়া
5374361,মন্টেরে
5374732,মরেনো ভ্যালি
5375480,মাউন্টেইন ভিউ
5377995,নরওয়াক
5378538,ওকল্যান্ড
5380184,অক্সারড
5380626,পাম মরুভুমি
5382496,পিকো রিভেরা
5384170,পমোনা
5384690,পোওয়ে
5386754,রেডল্যান্ডস
5387428,রিচমন্ড
5389489,সাক্রামেন্টো
5391811,সান ডিয়াগো
5391959,সান ফ্রান্সিস্কো
5392034,সান গ্যাব্রিএল
5392171,স্যান হোসে
5393180,সান্তা মারিয়া
5393212,সান্তা মনিকা
5397018,সোলেদাদ
5403022,টরেন্স
5406222,ভিক্টোভিল
5406602,ভিস্তা
5408076,ওয়েস্ট হলিউড
5410902,ইয়োবা লিন্ডা
5417598,কলোরাডো স্প্রিংস
5419384,ডেনভার
5454711,আলবাকার্কি
5488441,রজওয়েল
5490263,সান্তা ফে
5501344,কার্সন সিটি
5506956,লাস ভেগাস
5520993,এল প্যাসো
5551535,অ্যাপাসি জাংশন
5554072,জুনিউ
5586437,বয়সে
5656882,হেলেনা
5688025,বিসমার্ক
5750162,সেলম
5780993,সল্ট লেক সিটি
5785243,অ্যাবেডিন
5805687,অলম্পিয়া
5808276,রিচল্যান্ড
5809844,সিয়াটল
5821086,শেয়েন
5847486,কালাোয়া
5854686,ওয়াইপাহু
5856195,হনুলুলু
5879400,অ্যাংকারিজ
5920288,চার্লোটটাউন
5927969,কর্নার ব্রুক
5935277,ডার্টমাউথ
5946768,এডমন্টন
5957776,ফ্রেডেরিক্টন
6051562,লেদাক
6071618,মেডিসিন হাট
6094817,অটোয়া
6118158,রেড ডিয়ার
6119109,রেজিনা
6146279,শেরউড পার্ক
6156102,স্টাইনবাক
6160603,সুইফট কারেন্ট
6167865,টরোন্টো
6173331,ভ্যানকুভার
6174041,ভিক্টোরিয়া
6180550,হোয়াইটহর্স
6182962,উইন্ডসর
6183235,উইনিপেগ
6185377,ইয়েলোনাইফ
6185607,ইয়র্কটন
6230919,হোয়াঙ্গারেই
6243926,ব্লেনহেইম
6244895,আপার হাট
6254843,বিরেন্দ্রনগর
6254845,দিপায়াল
6324621,পেয়ে
6324729,হ্যালিফ্যাক্স
6324733,সেন্ট জন্স
6325494,কিউবেক
6354908,সিডনি
6414184,বিবিরহাট
6545349,সৈয়দপুর
6619347,নাওয়ি মুম্বাই
6620339,করাথা
6690108,পঞ্চকুলা উপ শহর
6690595,শ্যাডওয়েল
6690989,বেথনাল গ্রিন
6695467,হেব্বগোড়ি
6941014,পোন্তা ডেলগাডা
6941080,ফোর্ট ব্র্যাগ
6954929,বৃহত্তর নয়ডা
7062967,নিয়ানজা
7279600,আলুভা
7279735,মুবাত্তুপুয্হ
7279739,পেরুম্বৱূর
7279754,সিংরাউলি
7281840,পারামাট্টা
7302825,কনুরু
7302855,নাহারলাগুন
7302857,শিলাপাথার
7315245,পূর্ব হনলুলু
7475889,Taluker Char Doani
7476237,Natona
7483743,Puthia
7483813,Nātor
7535637,এভেলানেডা
7601921,ঝংক্সিং নতুন গ্রাম
7626690,পিম্পরি চিঞ্চওয়াড়
7645176,জিরা
7701510,নংথিম্মাই
7858022,তামান ইউনিভার্সিটি
7886881,সেন্টার জুপা
7909857,দেবদুর্গ
7926419,Shibdeb
7931933,ওল কালৌ
8096217,ডেন্টন
8223971,কাট্টূরমান্নাকলি
8308627,জ্বানেং
8315400,হলোওয়ে
8456741,লাই চাউ
8468820,খোনি
8521418,এসপার্গোস
8594709,থান্হ ফো বা রিয়া
8599061,লাস দেলিসিয়াস
8601412,সান্তো ডোমিঙ্গো এস্তে
8629640,তুতিকোরিন
9072827,থোদুপুয্হ
9212568,নীলাঙ্করাই
9212569,ইঞ্জমবক্কম
9534257,আমজারাস
9948272,সেকং
10628607,আরূর
10630449,সানশাইন কোস্ট
10792588,চের্তলা
11009418,তেভ্রাগ জেইনা
11496397,দার নায়েম
11523293,সেজং
12076997,জোসে সি. পাজ
12640344,কম্পিএঙ্গা
13100431,সায়ান
13535606,এনগা নাম
