# The weekly monitor's sources (spec §5, brief P): what it fetches, how often, and where the next
# edition of a source read by hand is expected. Metadata only: ids, cadences, dates and the points
# fetched; every fetched table lives in the local archive (archive/tables/monitor/<source>/), never here.
# `fetcher` names the module in tools/timetables/monitor/fetchers/ (`manual` for a source with no
# working endpoint: PDFs, images, a site that refuses scripted access). `cadence` is weekly, monthly or
# manual; `next_expected` (a date or a month, or `-`) is when a manual source's next edition is due —
# the report says "due" once it passes; move it on after the edition is in the archive.
source	entries	fetcher	cadence	next_expected	points	note
sa-ummalqura	sa.ummalqura	ummalqura	weekly	-	the 12 API points of the gate (Makkah, Madinah, Riyadh, Jeddah, Dammam, Abha, Taif, Tabuk, Haql, Al Kharkhir, At Tuwal, Turaif), the current year and the next	umqserv.kacst.gov.sa GetPrayerByYear, the page's own API; the raw JSON also carries the Hijri month of each day (Ramadan dates) for UmmAlQuraDates
tr-diyanet	tr.diyanet, other.turkey	diyanet	weekly	-	the 13 checked districts and the 9 edge districts of tr-diyanet.tsv, by IlceID	namazvakitleri.diyanet.gov.tr district pages (the month and the year tables); restricted: archive only
tr-diyanet-europe	tr.diyanet.europe (and be, fr, se, no cautious as its member)	diyanet	weekly	-	the 12 held cities (Sarajevo, Zürich, München, Paris, Berlin, Stockholm, Freiburg, Wien, Brussels, London, Amsterdam, Oslo) and 7 not yet held (Antwerpen, Gent, Lyon, Lille, Copenhagen, Helsinki, Trondheim)	the same site's abroad pages, country and city resolved by name from its own dropdowns; the 7 new cities are checked against the cautious entry Automatic follows there (reported, not gated)
id-kemenag	id.kemenag	kemenag	weekly	-	the 13 fitted kab/kota of id-kemenag.tsv and 5 not yet held (Surabaya, Medan, Semarang, Palembang, Yogyakarta): the current month, the next, and from November the whole next year	api.myquran.com's republication of Kemenag's schedule; new places are data for a later fit, reported, not gated
my-jakim	my.jakim	jakim	weekly	-	the 13 fitted zones of my-jakim.tsv: e-solat's year table; from November the mirror's next January	e-solat.gov.my takwimsolat (period=year) and api.waktusolat.app for the year ahead
sg-muis	sg.muis	muis	weekly	-	the national table: data.gov.sg's consolidated dataset (every year it holds)	Singapore Open Data Licence; the one table that could be committed under open/ (it is a copy of the gate's own files)
eg-esa	eg.esa	egypt	weekly	-	the 31 towns of eg-esa.tsv: Dar al-Ifta's month table per town, and ESA's own daily all-cities page (one row a day per city)	dar-alifta.org GetPrayer (ESA's calculations), esa.gov.eg praytimes.aspx; restricted: archive only
ae-iacad	ae.iacad.dubai	manual	manual	2027-01	iacad.gov.ae's yearly spreadsheets (Dubai, Dubai Rural, Hatta)	Cloudflare refuses scripted access; download the coming year's three .xlsx by hand each January (the table has been perpetual since 2022: a changed file is the news)
qa-calendarhouse	qa.calendarhouse	qatar	weekly	-	Doha: the Ministry of Awqaf's API for the coming 14 days, and the Calendar House site's own header (13 cities, today)	meiaservicesext.islam.gov.qa PrayerTimes, qatarch.com; the printed calendar and the Ramadan imsakiya stay manual (below)
qa-calendarhouse-print	qa.calendarhouse	manual	manual	2027-01	Calendar House's printed Doha calendar (PDF, a quarter at a time) and the Ramadan 1448 imsakiya	qatarch.com/public/uploads; PDFs, read by hand
ly-awqaf	ly.awqaf	libya	weekly	-	the 22 cities of awqaf.gov.ly's widget (today, with imsak) and api.ifta.ly's eight days for Tripoli	each run appends a day per city, so a full Tripoli year builds up (spec §6.3); east and south of R73's line Fajr, Maghrib and imsak are not checked
tn-inm	tn.inm	tunisia	weekly	-	the 6 delegations of tn-inm.tsv (Tunis, Sfax, Tabarka, Ben Guerdane, Tataouine, Tala): the coming 7 days, with INM's sunrise	meteo.tn horaire_gouvernorat and lever_coucher_gouvernorat, one request a day each; restricted: archive only
ma-habous	ma.habous	morocco	weekly	-	the 10 cities of ma-habous.tsv: the live Hijri month page, printed in Morocco's legal time (UTC+0 all year since 20 Sep 2026)	habous.gov.ma prieres/index.php?ville=…; restricted: archive only
za-jamiat	za.jamiat	jamiat	monthly	-	the 8 towns' perpetual CSVs, mapped onto the current year and the next	salaahtimes.starlite.za.net export (linked from jamiat.org.za); a perpetual table, so a changed file is the news
gb-london-lupt	gb.london.lupt	london	manual	2026-12-01	the East London Mosque's yearly table as London Prayer Times republishes it	londonprayertimes.com's API needs a key issued by hand; with one in <monitor>/keys.env (LPT_API_KEY) the london fetcher reads the year, else the next year's table is fetched by hand by 1 December
no-irn	no.irn (and no.cautious as its member)	manual	manual	2026-11-01	Islamsk Råd Norge's Oslo, Trondheim and Tromsø calendars for the coming year	bonnetid.info (api.bonnetid.no needs a token from IRN); Tromsø's 2027 calendar is wanted by 1 November 2026 (ruling R82)
mawaqit	gb, fr, be, nl, de, ca cautious (the surveys)	mawaqit	monthly	-	the 125 surveyed Mawaqit calendars (official/survey/*/calendars.tsv), each at its mosque's point	mawaqit.net/en/<slug> confData.calendar; a calendar that changed is checked with its survey's faults and outliers; restricted: archive only
