# Indonesia, Kemenag: 18 fitted kab/kota, myQuran's republication of bimasislam.kemenag.go.id
# (api.myquran.com/v2/sholat/jadwal/<id>/<yyyy>/<mm>), the only year captured (2026). No second year
# exists yet for a forward split, so each place's own file is split by date, forward in time: the 13
# of the research round (365 days each) fit on Jan-Sep (273 days), test on Oct-Dec (92 days) — a
# better split than "no split at all", the only one profiles-tested.md ran. The five kota the weekly
# monitor first fetched on 28 Sep 2026 (Medan, Palembang, Semarang, Surabaya, Yogyakarta; 61 days each,
# Sep-Oct 2026, archive/tables/monitor/id-kemenag/<kota>-2026.txt) follow the same date rule: September
# fit, October test, as split copies beside the 13's files (the monitor's own file keeps growing).
# Their margins are their own two-month fit plus the allowance the 13 full years show (Kemenag.kt,
# TWO_MONTH_ALLOWANCE): a fit over one month alone was a minute early on a held-out October day.
# Checked at each kab/kota's own unit (lat/lon empty). The monitor's 28 Sep 2026 recaptures of the 13
# hold no day their files do not (identical on all 61 days), so they are not rows here.
path	entry	lat	lon	zone	columns	format	school	split	note
archive/tables/round/data-diyanet-kemenag/off-kemenag-jakarta-fit.txt	id.kemenag/1301			Asia/Jakarta	F S D A M I	daily	standard	fit	Kota Jakarta, Jan-Sep 2026
archive/tables/round/data-diyanet-kemenag/off-kemenag-jakarta-test.txt	id.kemenag/1301			Asia/Jakarta	F S D A M I	daily	standard	test	Kota Jakarta, Oct-Dec 2026
archive/tables/round/data-diyanet-kemenag/off-kemenag-bandaaceh-fit.txt	id.kemenag/0119			Asia/Jakarta	F S D A M I	daily	standard	fit	Kota Banda Aceh, Jan-Sep 2026
archive/tables/round/data-diyanet-kemenag/off-kemenag-bandaaceh-test.txt	id.kemenag/0119			Asia/Jakarta	F S D A M I	daily	standard	test	Kota Banda Aceh, Oct-Dec 2026
archive/tables/round/data-diyanet-kemenag/off-kemenag-makassar-fit.txt	id.kemenag/2622			Asia/Makassar	F S D A M I	daily	standard	fit	Kota Makassar, Jan-Sep 2026
archive/tables/round/data-diyanet-kemenag/off-kemenag-makassar-test.txt	id.kemenag/2622			Asia/Makassar	F S D A M I	daily	standard	test	Kota Makassar, Oct-Dec 2026
archive/tables/round/data-diyanet-kemenag/off-kemenag-denpasar-fit.txt	id.kemenag/1709			Asia/Makassar	F S D A M I	daily	standard	fit	Kota Denpasar, Jan-Sep 2026
archive/tables/round/data-diyanet-kemenag/off-kemenag-denpasar-test.txt	id.kemenag/1709			Asia/Makassar	F S D A M I	daily	standard	test	Kota Denpasar, Oct-Dec 2026
archive/tables/round/data-diyanet-kemenag/off-kemenag-jayapura-fit.txt	id.kemenag/3329			Asia/Jayapura	F S D A M I	daily	standard	fit	Kota Jayapura, Jan-Sep 2026
archive/tables/round/data-diyanet-kemenag/off-kemenag-jayapura-test.txt	id.kemenag/3329			Asia/Jayapura	F S D A M I	daily	standard	test	Kota Jayapura, Oct-Dec 2026
archive/tables/round/data-diyanet-kemenag/off-kemenag-malang-fit.txt	id.kemenag/1634			Asia/Jakarta	F S D A M I	daily	standard	fit	Kota Malang, Jan-Sep 2026
archive/tables/round/data-diyanet-kemenag/off-kemenag-malang-test.txt	id.kemenag/1634			Asia/Jakarta	F S D A M I	daily	standard	test	Kota Malang, Oct-Dec 2026
archive/tables/round/data-diyanet-kemenag/off-kemenag-bandung-fit.txt	id.kemenag/1219			Asia/Jakarta	F S D A M I	daily	standard	fit	Kota Bandung, Jan-Sep 2026, highland
archive/tables/round/data-diyanet-kemenag/off-kemenag-bandung-test.txt	id.kemenag/1219			Asia/Jakarta	F S D A M I	daily	standard	test	Kota Bandung, Oct-Dec 2026, highland
archive/tables/round/data-diyanet-kemenag/off-kemenag-jayawijaya-fit.txt	id.kemenag/3308			Asia/Jayapura	F S D A M I	daily	standard	fit	Kab. Jayawijaya, Jan-Sep 2026, highland
archive/tables/round/data-diyanet-kemenag/off-kemenag-jayawijaya-test.txt	id.kemenag/3308			Asia/Jayapura	F S D A M I	daily	standard	test	Kab. Jayawijaya, Oct-Dec 2026, highland
archive/tables/round/data-diyanet-kemenag/off-kemenag-batu-fit.txt	id.kemenag/1630			Asia/Jakarta	F S D A M I	daily	standard	fit	Kota Batu, Jan-Sep 2026, highland
archive/tables/round/data-diyanet-kemenag/off-kemenag-batu-test.txt	id.kemenag/1630			Asia/Jakarta	F S D A M I	daily	standard	test	Kota Batu, Oct-Dec 2026, highland
archive/tables/round/data-diyanet-kemenag/off-kemenag-bukittinggi-fit.txt	id.kemenag/0313			Asia/Jakarta	F S D A M I	daily	standard	fit	Kota Bukittinggi, Jan-Sep 2026, highland
archive/tables/round/data-diyanet-kemenag/off-kemenag-bukittinggi-test.txt	id.kemenag/0313			Asia/Jakarta	F S D A M I	daily	standard	test	Kota Bukittinggi, Oct-Dec 2026, highland
archive/tables/round/data-diyanet-kemenag/off-kemenag-bogor-fit.txt	id.kemenag/1222			Asia/Jakarta	F S D A M I	daily	standard	fit	Kota Bogor, Jan-Sep 2026, highland
archive/tables/round/data-diyanet-kemenag/off-kemenag-bogor-test.txt	id.kemenag/1222			Asia/Jakarta	F S D A M I	daily	standard	test	Kota Bogor, Oct-Dec 2026, highland
archive/tables/round/data-diyanet-kemenag/off-kemenag-garut-fit.txt	id.kemenag/1208			Asia/Jakarta	F S D A M I	daily	standard	fit	Kab. Garut, Jan-Sep 2026, highland
archive/tables/round/data-diyanet-kemenag/off-kemenag-garut-test.txt	id.kemenag/1208			Asia/Jakarta	F S D A M I	daily	standard	test	Kab. Garut, Oct-Dec 2026, highland
archive/tables/round/data-diyanet-kemenag/off-kemenag-wonosobo-fit.txt	id.kemenag/1429			Asia/Jakarta	F S D A M I	daily	standard	fit	Kab. Wonosobo, Jan-Sep 2026, highland
archive/tables/round/data-diyanet-kemenag/off-kemenag-wonosobo-test.txt	id.kemenag/1429			Asia/Jakarta	F S D A M I	daily	standard	test	Kab. Wonosobo, Oct-Dec 2026, highland
archive/tables/round/data-diyanet-kemenag/off-kemenag-medan-fit.txt	id.kemenag/0228			Asia/Jakarta	F S D A M I	daily	standard	fit	Kota Medan, Sep 2026 (monitor capture of 28 Sep 2026)
archive/tables/round/data-diyanet-kemenag/off-kemenag-medan-test.txt	id.kemenag/0228			Asia/Jakarta	F S D A M I	daily	standard	test	Kota Medan, Oct 2026 (monitor capture of 28 Sep 2026)
archive/tables/round/data-diyanet-kemenag/off-kemenag-palembang-fit.txt	id.kemenag/0816			Asia/Jakarta	F S D A M I	daily	standard	fit	Kota Palembang, Sep 2026 (monitor capture of 28 Sep 2026)
archive/tables/round/data-diyanet-kemenag/off-kemenag-palembang-test.txt	id.kemenag/0816			Asia/Jakarta	F S D A M I	daily	standard	test	Kota Palembang, Oct 2026 (monitor capture of 28 Sep 2026)
archive/tables/round/data-diyanet-kemenag/off-kemenag-semarang-fit.txt	id.kemenag/1433			Asia/Jakarta	F S D A M I	daily	standard	fit	Kota Semarang, Sep 2026 (monitor capture of 28 Sep 2026)
archive/tables/round/data-diyanet-kemenag/off-kemenag-semarang-test.txt	id.kemenag/1433			Asia/Jakarta	F S D A M I	daily	standard	test	Kota Semarang, Oct 2026 (monitor capture of 28 Sep 2026)
archive/tables/round/data-diyanet-kemenag/off-kemenag-surabaya-fit.txt	id.kemenag/1638			Asia/Jakarta	F S D A M I	daily	standard	fit	Kota Surabaya, Sep 2026 (monitor capture of 28 Sep 2026)
archive/tables/round/data-diyanet-kemenag/off-kemenag-surabaya-test.txt	id.kemenag/1638			Asia/Jakarta	F S D A M I	daily	standard	test	Kota Surabaya, Oct 2026 (monitor capture of 28 Sep 2026)
archive/tables/round/data-diyanet-kemenag/off-kemenag-yogyakarta-fit.txt	id.kemenag/1505			Asia/Jakarta	F S D A M I	daily	standard	fit	Kota Yogyakarta, Sep 2026 (monitor capture of 28 Sep 2026)
archive/tables/round/data-diyanet-kemenag/off-kemenag-yogyakarta-test.txt	id.kemenag/1505			Asia/Jakarta	F S D A M I	daily	standard	test	Kota Yogyakarta, Oct 2026 (monitor capture of 28 Sep 2026)
